"tau","CA","CB","CP","CI","V_axial","X_A","Y_P","S_P","purity","production_rate","reactor"
0,1,1.2,0,0,0,0,0,0,0,0,"PFR"
0.0668002672010688,0.955375731274387,1.15537573127439,0.0404046593283611,0.00421960939725234,0.200400801603206,0.0446242687256133,0.0404046593283611,0.905441356840169,0.905441356840169,0.121213977985083,"PFR"
0.133600534402138,0.914260636350489,1.11426063635049,0.0776319674971065,0.00810739615240474,0.400801603206413,0.0857393636495113,0.0776319674971065,0.905441366570111,0.905441366570111,0.232895902491319,"PFR"
0.200400801603206,0.876256552076754,1.07625655207675,0.112042437898501,0.0117010100247454,0.601202404809619,0.123743447923246,0.112042437898501,0.905441369813418,0.905441369813418,0.336127313695502,"PFR"
0.267201068804275,0.841024002276904,1.0410240022769,0.143943446309096,0.0150325514140001,0.801603206412826,0.158975997723096,0.143943446309096,0.905441371435044,0.905441371435044,0.431830338927287,"PFR"
0.334001336005344,0.808271873205262,1.00827187320526,0.17359857915968,0.0181295476350586,1.00200400801603,0.191728126794738,0.17359857915968,0.905441372407976,0.905441372407976,0.52079573747904,"PFR"
0.400801603206413,0.777748390409315,0.977748390409314,0.201235803457261,0.0210158061334242,1.20240480961924,0.222251609590685,0.201235803457261,0.905441373056556,0.905441373056556,0.603707410371784,"PFR"
0.467601870407482,0.74923414333646,0.94923414333646,0.227053782594747,0.0237120740687939,1.40280561122244,0.25076585666354,0.227053782594747,0.905441373519799,0.905441373519799,0.68116134778424,"PFR"
0.53440213760855,0.722537887555278,0.922537887555278,0.251225677193487,0.0262364352512342,1.60320641282565,0.277462112444722,0.251225677193487,0.905441373867206,0.905441373867206,0.753677031580462,"PFR"
0.601202404809619,0.697491898649378,0.897491898649378,0.273903351880041,0.0286047494705809,1.80360721442886,0.302508101350622,0.273903351880041,0.905441374137389,0.905441374137389,0.821710055640124,"PFR"
0.668002672010688,0.673948346961148,0.873948346961148,0.295220657743176,0.0308309952956767,2.00400801603206,0.326051653038852,0.295220657743176,0.905441374353516,0.905441374353516,0.885661973229527,"PFR"
0.734802939211757,0.651776593810038,0.851776593810038,0.315295880449714,0.032927525740248,2.20440881763527,0.348223406189962,0.315295880449714,0.90544137453033,0.90544137453033,0.945887641349141,"PFR"
0.801603206412826,0.630860778946649,0.830860778946649,0.334233924663428,0.0349052963899234,2.40480961923848,0.369139221053351,0.334233924663428,0.905441374677658,0.905441374677658,1.00270177399028,"PFR"
0.868403473613895,0.611097705047641,0.811097705047641,0.352128229510877,0.0367740654414817,2.60521042084168,0.388902294952359,0.352128229510877,0.905441374802306,0.905441374802306,1.05638468853263,"PFR"
0.935203740814963,0.592395178129196,0.792395178129196,0.369062271239734,0.0385425506310695,2.80561122244489,0.407604821870804,0.369062271239734,0.905441374909133,0.905441374909133,1.1071868137192,"PFR"
1.00200400801603,0.574670579823716,0.774670579823716,0.385110855938533,0.0402185642377507,3.0060120240481,0.425329420176284,0.385110855938533,0.905441375001703,0.905441375001703,1.1553325678156,"PFR"
1.0688042752171,0.557849655475879,0.757849655475879,0.400341216844647,0.0418091276794742,3.2064128256513,0.442150344524121,0.400341216844647,0.90544137508269,0.90544137508269,1.20102365053394,"PFR"
1.13560454241817,0.541865482165988,0.741865482165988,0.414813948738647,0.0433205690953649,3.40681362725451,0.458134517834012,0.414813948738647,0.905441375154138,0.905441375154138,1.24444184621594,"PFR"
1.20240480961924,0.526657585508625,0.726657585508625,0.428583807631348,0.0447586068600267,3.60721442885772,0.473342414491375,0.428583807631348,0.905441375217636,0.905441375217636,1.28575142289404,"PFR"
1.26920507682031,0.512171181220947,0.712171181220947,0.441700397479253,0.0461284212998003,3.80761523046092,0.487828818779053,0.441700397479253,0.90544137527444,0.90544137527444,1.32510119243776,"PFR"
1.33600534402138,0.49835652126227,0.698356521262269,0.454208762216827,0.0474347165209032,4.00801603206413,0.50164347873773,0.454208762216827,0.905441375325554,0.905441375325554,1.36262628665048,"PFR"
1.40280561122244,0.485168328110067,0.685168328110067,0.46614989798642,0.0486817739035124,4.20841683366733,0.514831671889933,0.46614989798642,0.90544137537179,0.90544137537179,1.39844969395926,"PFR"
1.46960587842351,0.472565303618885,0.672565303618885,0.477561197837726,0.0498734985433891,4.40881763527054,0.527434696381115,0.477561197837726,0.905441375413815,0.905441375413815,1.43268359351318,"PFR"
1.53640614562458,0.46050970123609,0.66050970123609,0.488476839061341,0.0510134597025684,4.60921843687375,0.53949029876391,0.488476839061341,0.905441375452176,0.905441375452176,1.46543051718402,"PFR"
1.60320641282565,0.448966952240419,0.648966952240419,0.498928121607854,0.0521049261517274,4.80961923847696,0.551033047759581,0.498928121607854,0.905441375487333,0.905441375487333,1.49678436482356,"PFR"
1.67000668002672,0.437905338208031,0.63790533820803,0.508943764650625,0.0531508971413439,5.01002004008016,0.562094661791969,0.508943764650625,0.905441375519669,0.905441375519669,1.52683129395188,"PFR"
1.73680694722779,0.427295703170387,0.627295703170387,0.518550167209962,0.0541541296196514,5.21042084168337,0.572704296829613,0.518550167209962,0.905441375549511,0.905441375549511,1.55565050162989,"PFR"
1.80360721442886,0.417111199963396,0.617111199963396,0.527771637819089,0.0551171622175144,5.41082164328657,0.582888800036603,0.527771637819089,0.905441375577135,0.905441375577135,1.58331491345727,"PFR"
1.87040748162993,0.407327066121514,0.607327066121513,0.536630597438913,0.0560423364395737,5.61122244488978,0.592672933878486,0.536630597438913,0.905441375602779,0.905441375602779,1.60989179231674,"PFR"
1.937207748831,0.397920425378336,0.597920425378336,0.545147759187587,0.0569318154340767,5.81162324649299,0.602079574621664,0.545147759187587,0.905441375626647,0.905441375626647,1.63544327756276,"PFR"
2.00400801603206,0.388870111424042,0.588870111424042,0.553342287917827,0.0577876006581313,6.01202404809619,0.611129888575958,0.553342287917827,0.905441375648918,0.905441375648918,1.66002686375348,"PFR"
2.07080828323313,0.380156511061602,0.580156511061602,0.56123194222976,0.0586115467086388,6.2124248496994,0.619843488938398,0.56123194222976,0.905441375669746,0.905441375669746,1.68369582668928,"PFR"
2.1376085504342,0.37176142431557,0.57176142431557,0.568833201134217,0.0594053745502135,6.41282565130261,0.62823857568443,0.568833201134217,0.905441375689266,0.905441375689266,1.70649960340265,"PFR"
2.20440881763527,0.363667939393581,0.56366793939358,0.576161377267768,0.0601706833386519,6.61322645290581,0.636332060606419,0.576161377267768,0.905441375707597,0.905441375707597,1.7284841318033,"PFR"
2.27120908483634,0.355860320692739,0.555860320692739,0.583230718296367,0.0609089610108935,6.81362725450902,0.644139679307261,0.583230718296367,0.905441375724844,0.905441375724844,1.7496921548891,"PFR"
2.33800935203741,0.348323908290301,0.5483239082903,0.590054497920655,0.0616215937890448,7.01402805611223,0.6516760917097,0.590054497920655,0.9054413757411,0.9054413757411,1.77016349376196,"PFR"
2.40480961923848,0.341045027567793,0.541045027567792,0.596645097706011,0.0623098747261964,7.21442885771543,0.658954972432207,0.596645097706011,0.905441375756447,0.905441375756447,1.78993529311803,"PFR"
2.47160988643955,0.334010907796352,0.534010907796351,0.603014080798766,0.062975011404883,7.41482965931864,0.665989092203648,0.603014080798766,0.90544137577096,0.90544137577096,1.8090422423963,"PFR"
2.53841015364061,0.327209608663476,0.527209608663476,0.609172258451913,0.0636181328846112,7.61523046092184,0.672790391336524,0.609172258451913,0.905441375784704,0.905441375784704,1.82751677535574,"PFR"
2.60521042084168,0.32062995385193,0.52062995385193,0.615129750165522,0.0642402959825476,7.81563126252505,0.67937004614807,0.615129750165522,0.905441375797738,0.905441375797738,1.84538925049657,"PFR"
2.67201068804275,0.314261470893529,0.514261470893528,0.620896038145609,0.0648424909608619,8.01603206412826,0.685738529106471,0.620896038145609,0.905441375810115,0.905441375810115,1.86268811443683,"PFR"
2.73881095524382,0.308094336616932,0.508094336616932,0.626480016697959,0.0654256466851081,8.21643286573146,0.691905663383068,0.626480016697959,0.905441375821884,0.905441375821884,1.87944005009388,"PFR"
2.80561122244489,0.302119327591727,0.502119327591727,0.631890037098109,0.0659906353101644,8.41683366733467,0.697880672408273,0.631890037098109,0.905441375833088,0.905441375833088,1.89567011129433,"PFR"
2.87241148964596,0.296327775042946,0.496327775042946,0.6371339484136,0.0665382765434534,8.61723446893788,0.703672224957054,0.6371339484136,0.905441375843766,0.905441375843766,1.9114018452408,"PFR"
2.93921175684703,0.29071152377252,0.49071152377252,0.642219134698206,0.0670693415292739,8.81763527054108,0.70928847622748,0.642219134698206,0.905441375853955,0.905441375853955,1.92665740409462,"PFR"
3.0060120240481,0.285262894678247,0.485262894678247,0.647152548928798,0.0675845563929551,9.01803607214429,0.714737105321753,0.647152548928798,0.905441375863686,0.905441375863686,1.94145764678639,"PFR"
3.07281229124917,0.279974650508011,0.479974650508011,0.651940744012898,0.0680846054790902,9.2184368737475,0.720025349491989,0.651940744012898,0.905441375872991,0.905441375872991,1.9558222320387,"PFR"
3.13961255845023,0.274839964528067,0.474839964528067,0.656589901157712,0.068570134314221,9.4188376753507,0.725160035471933,0.656589901157712,0.905441375881895,0.905441375881895,1.96976970347313,"PFR"
3.2064128256513,0.269852391820139,0.469852391820139,0.661105855858917,0.0690417523209442,9.61923847695391,0.730147608179861,0.661105855858917,0.905441375890424,0.905441375890424,1.98331756757675,"PFR"
3.27321309285237,0.265005842953563,0.465005842953563,0.665494121739,0.0695000353074373,9.81963927855712,0.734994157046437,0.665494121739,0.905441375898601,0.905441375898601,1.996482365217,"PFR"
3.34001336005344,0.260294559806314,0.460294559806314,0.669759912439897,0.0699455277537895,10.0200400801603,0.739705440193686,0.669759912439897,0.905441375906447,0.905441375906447,2.00927973731969,"PFR"
3.40681362725451,0.255713093333032,0.455713093333032,0.673908161752742,0.0703787449142258,10.2204408817635,0.744286906666968,0.673908161752742,0.905441375913982,0.905441375913982,2.02172448525823,"PFR"
3.47361389445558,0.251256283099568,0.451256283099568,0.677943542148139,0.0708001747522928,10.4208416833667,0.748743716900432,0.677943542148139,0.905441375921223,0.905441375921223,2.03383062644442,"PFR"
3.54041416165665,0.246919238422422,0.446919238422422,0.68187048185329,0.0712102797242872,10.6212424849699,0.753080761577578,0.68187048185329,0.905441375928187,0.905441375928187,2.04561144555987,"PFR"
3.60721442885772,0.242697320968145,0.442697320968145,0.685693180607222,0.0716094984246323,10.8216432865731,0.757302679031855,0.685693180607222,0.90544137593489,0.90544137593489,2.05707954182167,"PFR"
3.67401469605878,0.238586128682528,0.438586128682528,0.68941562421196,0.071998247105512,11.0220440881764,0.761413871317472,0.68941562421196,0.905441375941346,0.905441375941346,2.06824687263588,"PFR"
3.74081496325985,0.234581480932514,0.434581480932514,0.693041597985655,0.0723769210818307,11.2224448897796,0.765418519067486,0.693041597985655,0.905441375947567,0.905441375947567,2.07912479395697,"PFR"
3.80761523046092,0.230679404755388,0.430679404755388,0.69657469921314,0.0727458960314717,11.4228456913828,0.769320595244612,0.69657469921314,0.905441375953567,0.905441375953567,2.08972409763942,"PFR"
3.87441549766199,0.226876122120157,0.426876122120157,0.70001834868,0.0731055291998425,11.623246492986,0.773123877879843,0.70001834868,0.905441375959357,0.905441375959357,2.10005504604,"PFR"
3.94121576486306,0.22316803811525,0.42316803811525,0.703375801367919,0.073456160516831,11.8236472945892,0.77683196188475,0.703375801367919,0.905441375964947,0.905441375964947,2.11012740410376,"PFR"
4.00801603206413,0.21955172998489,0.419551729984889,0.7066501563816,0.0737981136335096,12.0240480961924,0.78044827001511,0.7066501563816,0.905441375970348,0.905441375970348,2.1199504691448,"PFR"
4.0748162992652,0.216023936943845,0.416023936943845,0.709844366170915,0.0741316968852393,12.2244488977956,0.783976063056155,0.709844366170915,0.905441375975569,0.905441375975569,2.12953309851274,"PFR"
4.14161656646627,0.212581550706846,0.412581550706845,0.712961245105959,0.074457204187195,12.4248496993988,0.787418449293154,0.712961245105959,0.905441375980618,0.905441375980618,2.13888373531788,"PFR"
4.20841683366733,0.209221606674824,0.409221606674823,0.716003477457395,0.0747749158677816,12.625250501002,0.790778393325176,0.716003477457395,0.905441375985504,0.905441375985504,2.14801043237218,"PFR"
4.2752171008684,0.20594127572546,0.40594127572546,0.71897362482963,0.0750850994449096,12.8256513026052,0.79405872427454,0.71897362482963,0.905441375990234,0.905441375990234,2.15692087448889,"PFR"
4.34201736806947,0.202737856560226,0.402737856560226,0.721874133090126,0.0753880103496478,13.0260521042084,0.797262143439774,0.721874133090126,0.905441375994815,0.905441375994815,2.16562239927038,"PFR"
4.40881763527054,0.199608768564412,0.399608768564412,0.724707338834218,0.0756838926013695,13.2264529058116,0.800391231435588,0.724707338834218,0.905441375999255,0.905441375999255,2.17412201650265,"PFR"
4.47561790247161,0.196551545140465,0.396551545140464,0.727475475421393,0.0759729794381423,13.4268537074148,0.803448454859535,0.727475475421393,0.90544137600356,0.90544137600356,2.18242642626418,"PFR"
4.54241816967268,0.193563827478429,0.393563827478429,0.730180678615784,0.0762554939057872,13.627254509018,0.806436172521571,0.730180678615784,0.905441376007735,0.905441376007735,2.19054203584735,"PFR"
4.60921843687375,0.190643358730424,0.390643358730424,0.732824991860844,0.076531649408732,13.8276553106212,0.809356641269576,0.732824991860844,0.905441376011786,0.905441376011786,2.19847497558253,"PFR"
4.67601870407482,0.187787978558899,0.387787978558899,0.735410371215581,0.0768016502255203,14.0280561122245,0.812212021441101,0.735410371215581,0.905441376015719,0.905441376015719,2.20623111364674,"PFR"
4.74281897127589,0.184995618030998,0.384995618030998,0.737938689977408,0.0770656919915937,14.2284569138277,0.815004381969002,0.737938689977408,0.905441376019539,0.905441376019539,2.21381606993222,"PFR"
4.80961923847695,0.182264294833657,0.382264294833656,0.740411743014598,0.0773239621517458,14.4288577154309,0.817735705166343,0.740411743014598,0.905441376023249,0.905441376023249,2.22123522904379,"PFR"
4.87641950567802,0.17959210878617,0.37959210878617,0.742831250829383,0.0775766403844473,14.6292585170341,0.82040789121383,0.742831250829383,0.905441376026856,0.905441376026856,2.22849375248815,"PFR"
4.94321977287909,0.176977237628883,0.376977237628883,0.745198863371055,0.0778238990000615,14.8296593186373,0.823022762371117,0.745198863371055,0.905441376030362,0.905441376030362,2.23559659011317,"PFR"
5.01002004008016,0.174417933068378,0.374417933068377,0.747516163616816,0.0780659033148065,15.0300601202405,0.825582066931622,0.747516163616816,0.905441376033773,0.905441376033773,2.24254849085045,"PFR"
5.07682030728123,0.171912517061112,0.371912517061111,0.74978467093672,0.0783028120021688,15.2304609218437,0.828087482938888,0.74978467093672,0.905441376037091,0.905441376037091,2.24935401281016,"PFR"
5.1436205744823,0.16945937831891,0.36945937831891,0.752005844257751,0.0785347774233392,15.4308617234469,0.83054062168109,0.752005844257751,0.905441376040321,0.905441376040321,2.25601753277325,"PFR"
5.21042084168337,0.167056969021003,0.367056969021002,0.754181085040879,0.0787619459381182,15.6312625250501,0.832943030978997,0.754181085040879,0.905441376043465,0.905441376043465,2.26254325512264,"PFR"
5.27722110888444,0.16470380171851,0.36470380171851,0.756311740083866,0.0789844581976233,15.8316633266533,0.83529619828149,0.756311740083866,0.905441376046527,0.905441376046527,2.2689352202516,"PFR"
5.3440213760855,0.162398446418359,0.362398446418359,0.75839910416161,0.0792024494200305,16.0320641282565,0.837601553581641,0.75839910416161,0.905441376049511,0.905441376049511,2.27519731248483,"PFR"
5.41082164328657,0.160139527834612,0.360139527834611,0.760444422514904,0.079416049650484,16.2324649298597,0.839860472165388,0.760444422514904,0.905441376052418,0.905441376052418,2.28133326754471,"PFR"
5.47762191048764,0.1579257227961,0.3579257227961,0.762448893197673,0.0796253840062272,16.4328657314629,0.8420742772039,0.762448893197673,0.905441376055253,0.905441376055253,2.28734667959302,"PFR"
5.54442217768871,0.155755757800097,0.355755757800097,0.764413669291978,0.0798305729079243,16.6332665330661,0.844244242199903,0.764413669291978,0.905441376058016,0.905441376058016,2.29324100787593,"PFR"
5.61122244488978,0.153628406702513,0.353628406702513,0.766339860999415,0.0800317322980717,16.8336673346693,0.846371593297487,0.766339860999415,0.905441376060712,0.905441376060712,2.29901958299824,"PFR"
5.67802271209085,0.151542488535806,0.351542488535806,0.76822853761686,0.080228973847334,17.0340681362725,0.848457511464194,0.76822853761686,0.905441376063342,0.905441376063342,2.30468561285058,"PFR"
5.74482297929192,0.149496865446452,0.349496865446452,0.770080729403974,0.0804224051495734,17.2344689378758,0.850503134553548,0.770080729403974,0.905441376065909,0.905441376065909,2.31024218821192,"PFR"
5.81162324649299,0.147490440744397,0.347490440744397,0.771897429349311,0.080612129906291,17.434869739479,0.852509559255603,0.771897429349311,0.905441376068414,0.905441376068414,2.31569228804793,"PFR"
5.87842351369406,0.145522157057457,0.345522157057457,0.773679594841398,0.0807982481011446,17.6352705410822,0.854477842942543,0.773679594841398,0.905441376070861,0.905441376070861,2.32103878452419,"PFR"
5.94522378089512,0.143590994584145,0.343590994584145,0.775428149250696,0.0809808561651582,17.8356713426854,0.856409005415855,0.775428149250696,0.90544137607325,0.90544137607325,2.32628444775209,"PFR"
6.01202404809619,0.141695969438848,0.341695969438848,0.777143983427951,0.0811600471332006,18.0360721442886,0.858304030561152,0.777143983427951,0.905441376075585,0.905441376075585,2.33143195028385,"PFR"
6.07882431529726,0.139836132083713,0.339836132083713,0.778827957124023,0.0813359107922634,18.2364729458918,0.860163867916287,0.778827957124023,0.905441376077865,0.905441376077865,2.33648387137207,"PFR"
6.14562458249833,0.138010565841989,0.338010565841989,0.780480900335973,0.0815085338220379,18.436873747495,0.861989434158011,0.780480900335973,0.905441376080095,0.905441376080095,2.34144270100792,"PFR"
6.2124248496994,0.136218385487921,0.336218385487921,0.782103614583826,0.0816779999282523,18.6372745490982,0.863781614512079,0.782103614583826,0.905441376082274,0.905441376082274,2.34631084375148,"PFR"
6.27922511690047,0.134458735908651,0.33445873590865,0.783696874122148,0.081844389969201,18.8376753507014,0.865541264091349,0.783696874122148,0.905441376084405,0.905441376084405,2.35109062236644,"PFR"
6.34602538410154,0.132730790833857,0.332730790833857,0.785261427090275,0.0820077820758677,19.0380761523046,0.867269209166143,0.785261427090275,0.905441376086489,0.905441376086489,2.35578428127083,"PFR"
6.41282565130261,0.13103375162918,0.33103375162918,0.786797996604802,0.0821682517660174,19.2384769539078,0.86896624837082,0.786797996604802,0.905441376088528,0.905441376088528,2.36039398981441,"PFR"
6.47962591850367,0.129366846149716,0.329366846149716,0.788307281797675,0.0823258720526092,19.438877755511,0.870633153850284,0.788307281797675,0.905441376090523,0.905441376090523,2.36492184539302,"PFR"
6.54642618570474,0.127729327650122,0.327729327650122,0.789789958803023,0.0824807135468541,19.6392785571142,0.872270672349878,0.789789958803023,0.905441376092476,0.905441376092476,2.36936987640907,"PFR"
6.61322645290581,0.126120473748107,0.326120473748107,0.791246681695666,0.0826328445562268,19.8396793587174,0.873879526251893,0.791246681695666,0.905441376094387,0.905441376094387,2.373740045087,"PFR"
6.68002672010688,0.124539585438265,0.324539585438265,0.792678083384019,0.082782331177716,20.0400801603206,0.875460414561735,0.792678083384019,0.905441376096258,0.905441376096258,2.37803425015206,"PFR"
6.74682698730795,0.12298598615344,0.322985986153439,0.79408477645998,0.0829292373865801,20.2404809619239,0.87701401384656,0.79408477645998,0.90544137609809,0.90544137609809,2.38225432937994,"PFR"
6.81362725450902,0.121459020870955,0.321459020870955,0.795467354008183,0.0830736251208614,20.4408817635271,0.878540979129045,0.795467354008183,0.905441376099884,0.905441376099884,2.38640206202455,"PFR"
6.88042752171009,0.119958055261238,0.319958055261238,0.796826390376871,0.0832155543618908,20.6412825651303,0.880041944738762,0.796826390376871,0.905441376101642,0.905441376101642,2.39047917113061,"PFR"
6.94722778891116,0.118482474876499,0.318482474876499,0.798162441912496,0.0833550832110049,20.8416833667335,0.881517525123501,0.798162441912496,0.905441376103364,0.905441376103364,2.39448732573749,"PFR"
7.01402805611222,0.117031684377297,0.317031684377297,0.799476047660021,0.0834922679626816,21.0420841683367,0.882968315622703,0.799476047660021,0.905441376105052,0.905441376105052,2.39842814298006,"PFR"
7.08082832331329,0.115605106794934,0.315605106794934,0.800767730030779,0.0836271631742863,21.2424849699399,0.884394893205066,0.800767730030779,0.905441376106706,0.905441376106706,2.40230319009234,"PFR"
7.14762859051436,0.114202182827759,0.314202182827759,0.802037995439628,0.083759821732613,21.4428857715431,0.885797817172241,0.802037995439628,0.905441376108328,0.905441376108328,2.40611398631888,"PFR"
7.21442885771543,0.112822370169579,0.312822370169579,0.803287334913032,0.0838902949173883,21.6432865731463,0.887177629830421,0.803287334913032,0.905441376109917,0.905441376109917,2.4098620047391,"PFR"
7.2812291249165,0.111465142868481,0.311465142868481,0.804516224669617,0.0840186324619011,21.8436873747495,0.888534857131519,0.804516224669617,0.905441376111476,0.905441376111476,2.41354867400885,"PFR"
7.34802939211757,0.110129990714463,0.310129990714463,0.80572512667463,0.0841448826109062,22.0440881763527,0.889870009285537,0.80572512667463,0.905441376113005,0.905441376113005,2.41717538002389,"PFR"
7.41482965931864,0.108816418654391,0.308816418654391,0.806914489169662,0.0842690921759465,22.2444889779559,0.891183581345609,0.806914489169662,0.905441376114505,0.905441376114505,2.42074346750899,"PFR"
7.48162992651971,0.107523946232846,0.307523946232846,0.808084747178929,0.0843913065882246,22.4448897795591,0.892476053767154,0.808084747178929,0.905441376115976,0.905441376115976,2.42425424153679,"PFR"
7.54843019372078,0.106252107057562,0.306252107057561,0.809236322993287,0.084511569949151,22.6452905811623,0.893747892942438,0.809236322993287,0.90544137611742,0.90544137611742,2.42770896897986,"PFR"
7.61523046092184,0.105000448288178,0.305000448288178,0.810369626633135,0.0846299250786864,22.8456913827655,0.894999551711822,0.810369626633135,0.905441376118837,0.905441376118837,2.4311088798994,"PFR"
7.68203072812291,0.103768530147146,0.303768530147145,0.811485056291263,0.0847464135615904,23.0460921843687,0.896231469852854,0.811485056291263,0.905441376120227,0.905441376120227,2.43445516887379,"PFR"
7.74883099532398,0.102555925451659,0.302555925451659,0.81258299875666,0.0848610757916807,23.2464929859719,0.897444074548341,0.81258299875666,0.905441376121592,0.905441376121592,2.43774899626998,"PFR"
7.81563126252505,0.101362219165587,0.301362219165587,0.81366382982021,0.0849739510142023,23.4468937875752,0.898637780834413,0.81366382982021,0.905441376122933,0.905441376122933,2.44099148946063,"PFR"
7.88243152972612,0.100187007970391,0.300187007970391,0.814727914663207,0.0850850773664008,23.6472945891784,0.899812992029609,0.814727914663207,0.905441376124249,0.905441376124249,2.44418374398962,"PFR"
7.94923179692719,0.0990298998541192,0.299029899854119,0.815775608229494,0.0851944919163866,23.8476953907816,0.900970100145881,0.815775608229494,0.905441376125541,0.905441376125541,2.44732682468848,"PFR"
8.01603206412826,0.0978905137175725,0.297890513717572,0.816807255582052,0.0853022307003751,24.0480961923848,0.902109486282427,0.816807255582052,0.90544137612681,0.90544137612681,2.45042176674616,"PFR"
8.08283233132933,0.0967684789968342,0.296768478996834,0.817823192244786,0.0854083287583799,24.248496993988,0.903231521003166,0.817823192244786,0.905441376128057,0.905441376128057,2.45346957673436,"PFR"
8.1496325985304,0.0956634353013569,0.295663435301357,0.818823744530208,0.0855128201684348,24.4488977955912,0.904336564698643,0.818823744530208,0.905441376129282,0.905441376129282,2.45647123359062,"PFR"
8.21643286573146,0.0945750320668742,0.294575032066874,0.819809229853711,0.0856157380794142,24.6492985971944,0.905424967933126,0.819809229853711,0.905441376130485,0.905441376130485,2.45942768956113,"PFR"
8.28323313293253,0.0935029282224292,0.293502928222429,0.820779957035052,0.085717114742518,24.8496993987976,0.906497071777571,0.820779957035052,0.905441376131668,0.905441376131668,2.46233987110516,"PFR"
8.3500334001336,0.092446791870856,0.292446791870856,0.821736226587658,0.0858169815414852,25.0501002004008,0.907553208129144,0.821736226587658,0.905441376132831,0.905441376132831,2.46520867976297,"PFR"
8.41683366733467,0.0914062999820846,0.291406299982084,0.82267833099632,0.0859153690215943,25.250501002004,0.908593700017915,0.82267833099632,0.905441376133973,0.905441376133973,2.46803499298896,"PFR"
8.48363393453574,0.0903811380986709,0.290381138098671,0.82360655498382,0.0860123069175082,25.4509018036072,0.909618861901329,0.82360655498382,0.905441376135096,0.905441376135096,2.47081966495146,"PFR"
8.55043420173681,0.0893710000529893,0.289371000052989,0.824521175766994,0.0861078241800159,25.6513026052104,0.910628999947011,0.824521175766994,0.9054413761362,0.9054413761362,2.47356352730098,"PFR"
8.61723446893788,0.0883755876955511,0.288375587695551,0.825422463302726,0.0862019490017226,25.8517034068136,0.911624412304449,0.825422463302726,0.905441376137286,0.905441376137286,2.47626738990818,"PFR"
8.68403473613895,0.0873946106339419,0.287394610633942,0.826310680524323,0.0862947088417349,26.0521042084168,0.912605389366058,0.826310680524323,0.905441376138354,0.905441376138354,2.47893204157297,"PFR"
8.75083500334001,0.0864277859818968,0.286427785981897,0.827186083568714,0.0863861304493886,26.25250501002,0.913572214018103,0.827186083568714,0.905441376139404,0.905441376139404,2.48155825070614,"PFR"
8.81763527054108,0.0854748381180573,0.285474838118057,0.828048921994882,0.0864762398870597,26.4529058116233,0.914525161881943,0.828048921994882,0.905441376140437,0.905441376140437,2.48414676598465,"PFR"
8.88443553774215,0.0845354984539762,0.284535498453976,0.828899438993921,0.0865650625521019,26.6533066132265,0.915464501546024,0.828899438993921,0.905441376141452,0.905441376141452,2.48669831698176,"PFR"
8.95123580494322,0.0836095052109605,0.28360950521096,0.829737871591091,0.0866526231979479,26.8537074148297,0.91639049478904,0.829737871591091,0.905441376142452,0.905441376142452,2.48921361477327,"PFR"
9.01803607214429,0.082696603205361,0.282696603205361,0.830564450840226,0.0867389459544122,27.0541082164329,0.917303396794639,0.830564450840226,0.905441376143435,0.905441376143435,2.49169335252068,"PFR"
9.08483633934536,0.081796543641939,0.281796543641939,0.831379402010831,0.0868240543472299,27.2545090180361,0.918203456358061,0.831379402010831,0.905441376144403,0.905441376144403,2.49413820603249,"PFR"
9.15163660654643,0.0809090839149563,0.280909083914956,0.832182944768178,0.0869079713168655,27.4549098196393,0.919090916085044,0.832182944768178,0.905441376145355,0.905441376145355,2.49654883430453,"PFR"
9.2184368737475,0.0800339874166557,0.280033987416655,0.832975293346721,0.0869907192366227,27.6553106212425,0.919966012583344,0.832975293346721,0.905441376146292,0.905441376146292,2.49892588004016,"PFR"
9.28523714094857,0.0791710233528121,0.279171023352812,0.833756656717102,0.0870723199300857,27.8557114228457,0.920828976647188,0.833756656717102,0.905441376147214,0.905441376147214,2.5012699701513,"PFR"
9.35203740814963,0.0783199665650518,0.278319966565052,0.834527238747028,0.08715279468792,28.0561122244489,0.921680033434948,0.834527238747028,0.905441376148122,0.905441376148122,2.50358171624108,"PFR"
9.4188376753507,0.0774805973596534,0.277480597359653,0.835287238356284,0.0872321642840616,28.2565130260521,0.922519402640347,0.835287238356284,0.905441376149016,0.905441376149016,2.50586171506885,"PFR"
9.48563794255177,0.076652701342553,0.276652701342553,0.836036849666129,0.0873104489913177,28.4569138276553,0.923347298657447,0.836036849666129,0.905441376149896,0.905441376149896,2.50811054899839,"PFR"
9.55243820975284,0.0758360692602974,0.275836069260297,0.836776262143295,0.0873876685964068,28.6573146292585,0.924163930739703,0.836776262143295,0.905441376150762,0.905441376150762,2.51032878642989,"PFR"
9.61923847695391,0.075030496846692,0.275030496846692,0.837505660738848,0.087463842414459,28.8577154308617,0.924969503153308,0.837505660738848,0.905441376151616,0.905441376151616,2.51251698221655,"PFR"
9.68603874415498,0.0742357846749105,0.27423578467491,0.838225226022089,0.0875389893030003,29.0581162324649,0.925764215325089,0.838225226022089,0.905441376152456,0.905441376152456,2.51467567806627,"PFR"
9.75283901135605,0.0734517380148388,0.273451738014839,0.838935134309719,0.0876131276754421,29.2585170340681,0.926548261985161,0.838935134309719,0.905441376153284,0.905441376153284,2.51680540292916,"PFR"
9.81963927855712,0.0726781666954389,0.272678166695439,0.839635557790465,0.0876862755140959,29.4589178356713,0.927321833304561,0.839635557790465,0.905441376154099,0.905441376154099,2.51890667337139,"PFR"
9.88643954575818,0.0719148849719279,0.271914884971928,0.840326664645339,0.0877584503827326,29.6593186372746,0.928085115028072,0.840326664645339,0.905441376154902,0.905441376154902,2.52097999393602,"PFR"
9.95323981295925,0.0711617113975766,0.271161711397576,0.841008619163718,0.0878296694387049,29.8597194388778,0.928838288602423,0.841008619163718,0.905441376155693,0.905441376155693,2.52302585749116,"PFR"
10.0200400801603,0.0704184686999415,0.270418468699941,0.841681581855407,0.0878999494446511,30.060120240481,0.929581531300058,0.841681581855407,0.905441376156473,0.905441376156473,2.52504474556622,"PFR"
10.0868403473614,0.0696849836613523,0.269684983661352,0.842345709558852,0.0879693067797955,30.2605210420842,0.930315016338648,0.842345709558852,0.90544137615724,0.90544137615724,2.52703712867656,"PFR"
10.1536406145625,0.0689610870034844,0.268961087003484,0.843001155545652,0.0880377574508633,30.4609218436874,0.931038912996516,0.843001155545652,0.905441376157997,0.905441376157997,2.52900346663696,"PFR"
10.2204408817635,0.0682466132758563,0.268246613275856,0.843648069621519,0.0881053171026243,30.6613226452906,0.931753386724144,0.843648069621519,0.905441376158743,0.905441376158743,2.53094420886456,"PFR"
10.2872411489646,0.067541400748095,0.267541400748095,0.844286598223825,0.0881720010280797,30.8617234468938,0.932458599251905,0.844286598223825,0.905441376159478,0.905441376159478,2.53285979467148,"PFR"
10.3540414161657,0.0668452913058227,0.266845291305822,0.84491688451587,0.0882378241783074,31.062124248497,0.933154708694177,0.84491688451587,0.905441376160202,0.905441376160202,2.53475065354761,"PFR"
10.4208416833667,0.0661581303500239,0.266158130350024,0.845539068477998,0.0883028011719774,31.2625250501002,0.933841869649976,0.845539068477998,0.905441376160916,0.905441376160916,2.536617205434,"PFR"
10.4876419505678,0.0654797666997568,0.265479766699757,0.846153286995691,0.0883669463045514,31.4629258517034,0.934520233300243,0.846153286995691,0.90544137616162,0.90544137616162,2.53845986098707,"PFR"
10.5544422177689,0.0648100524980813,0.264810052498081,0.84675967394474,0.088430273557178,31.6633266533066,0.935189947501919,0.84675967394474,0.905441376162314,0.905441376162314,2.54027902183422,"PFR"
10.6212424849699,0.0641488431210795,0.264148843121079,0.847358360273624,0.0884927966052957,31.8637274549098,0.935851156878921,0.847358360273624,0.905441376162998,0.905441376162998,2.54207508082087,"PFR"
10.688042752171,0.0634959970898503,0.26349599708985,0.847949474083195,0.0885545288269545,32.064128256513,0.93650400291015,0.847949474083195,0.905441376163672,0.905441376163672,2.54384842224958,"PFR"
10.7548430193721,0.0628513759853664,0.262851375985366,0.848533140703766,0.0886154833108671,32.2645290581162,0.937148624014634,0.848533140703766,0.905441376164337,0.905441376164337,2.5455994221113,"PFR"
10.8216432865731,0.0622148443660853,0.262214844366085,0.849109482769715,0.0886756728641993,32.4649298597194,0.937785155633915,0.849109482769715,0.905441376164993,0.905441376164993,2.54732844830914,"PFR"
10.8884435537742,0.0615862696882098,0.26158626968821,0.84967862029168,0.0887351100201098,32.6653306613226,0.93841373031179,0.84967862029168,0.90544137616564,0.90544137616564,2.54903586087504,"PFR"
10.9552438209753,0.0609655222285011,0.260965522228501,0.850240670726449,0.0887938070450496,32.8657314629259,0.939034477771499,0.850240670726449,0.905441376166278,0.905441376166278,2.55072201217935,"PFR"
11.0220440881764,0.0603524750095478,0.260352475009548,0.850795749044624,0.0888517759458278,33.0661322645291,0.939647524990452,0.850795749044624,0.905441376166907,0.905441376166907,2.55238724713387,"PFR"
11.0888443553774,0.0597470037274015,0.259747003727401,0.851343967796143,0.0889090284764546,33.2665330661323,0.940252996272599,0.851343967796143,0.905441376167527,0.905441376167527,2.55403190338843,"PFR"
11.1556446225785,0.0591489866814909,0.259148986681491,0.85188543717374,0.0889655761447684,33.4669338677355,0.940851013318509,0.85188543717374,0.905441376168139,0.905441376168139,2.55565631152122,"PFR"
11.2224448897796,0.0585583047067323,0.258558304706732,0.852420265074412,0.0890214302188554,33.6673346693387,0.941441695293268,0.852420265074412,0.905441376168743,0.905441376168743,2.55726079522324,"PFR"
11.2892451569806,0.0579748411077553,0.257974841107755,0.852948557158975,0.0890766017332691,33.8677354709419,0.942025158892245,0.852948557158975,0.905441376169339,0.905441376169339,2.55884567147692,"PFR"
11.3560454241817,0.0573984815951688,0.257398481595169,0.853470416909773,0.089131101495057,34.0681362725451,0.942601518404831,0.853470416909773,0.905441376169927,0.905441376169927,2.56041125072932,"PFR"
11.4228456913828,0.0568291142237917,0.256829114223792,0.853985945686606,0.0891849400896013,34.2685370741483,0.943170885776208,0.853985945686606,0.905441376170506,0.905441376170506,2.56195783705982,"PFR"
11.4896459585838,0.0562666293327805,0.25626662933278,0.854495242780939,0.0892381278862802,34.4689378757515,0.94373337066722,0.854495242780939,0.905441376171079,0.905441376171079,2.56348572834282,"PFR"
11.5564462257849,0.0557109194875837,0.255710919487583,0.854998405468459,0.089290675043957,34.6693386773547,0.944289080512416,0.854998405468459,0.905441376171643,0.905441376171643,2.56499521640538,"PFR"
11.623246492986,0.0551618794236608,0.25516187942366,0.855495529060037,0.0893425915163018,34.8697394789579,0.944838120576339,0.855495529060037,0.9054413761722,0.9054413761722,2.56648658718011,"PFR"
11.690046760187,0.054619405991901,0.254619405991901,0.855986706951146,0.0893938870569523,35.0701402805611,0.945380594008099,0.855986706951146,0.90544137617275,0.90544137617275,2.56796012085344,"PFR"
11.7568470273881,0.0540833981056845,0.254083398105684,0.856472030669794,0.0894445712245201,35.2705410821643,0.945916601894315,0.856472030669794,0.905441376173293,0.905441376173293,2.56941609200938,"PFR"
11.8236472945892,0.0535537566895268,0.253553756689526,0.856951589923026,0.0894946533874466,35.4709418837675,0.946446243310473,0.856951589923026,0.905441376173829,0.905441376173829,2.57085476976908,"PFR"
11.8904475617902,0.053030384629253,0.253030384629253,0.857425472642032,0.0895441427287145,35.6713426853707,0.946969615370747,0.857425472642032,0.905441376174357,0.905441376174357,2.5722764179261,"PFR"
11.9572478289913,0.0525131867236475,0.252513186723647,0.857893765025932,0.0895930482504195,35.871743486974,0.947486813276353,0.857893765025932,0.905441376174879,0.905441376174879,2.5736812950778,"PFR"
12.0240480961924,0.0520020696375297,0.252002069637529,0.858356551584261,0.0896413787782079,36.0721442885772,0.94799793036247,0.858356551584261,0.905441376175395,0.905441376175395,2.57506965475278,"PFR"
12.0908483633935,0.0514969418562062,0.251496941856206,0.85881391517821,0.089689142965583,36.2725450901804,0.948503058143794,0.85881391517821,0.905441376175903,0.905441376175903,2.57644174553463,"PFR"
12.1576486305945,0.0509977136412522,0.250997713641252,0.85926593706066,0.0897363492980866,36.4729458917836,0.949002286358748,0.85926593706066,0.905441376176405,0.905441376176405,2.57779781118198,"PFR"
12.2244488977956,0.0505042969875786,0.250504296987578,0.859712696915061,0.0897830060973589,36.6733466933868,0.949495703012421,0.859712696915061,0.905441376176901,0.905441376176901,2.57913809074518,"PFR"
12.2912491649967,0.0500166055817389,0.250016605581738,0.86015427289318,0.0898291215250804,36.87374749499,0.949983394418261,0.86015427289318,0.905441376177391,0.905441376177391,2.58046281867954,"PFR"
12.3580494321977,0.0495345547614376,0.249534554761437,0.86059074165176,0.0898747035868012,37.0741482965932,0.950465445238562,0.86059074165176,0.905441376177874,0.905441376177874,2.58177222495528,"PFR"
12.4248496993988,0.0490580614761964,0.249058061476196,0.861022178388142,0.0899197601356601,37.2745490981964,0.950941938523804,0.861022178388142,0.905441376178351,0.905441376178351,2.58306653516443,"PFR"
12.4916499665999,0.0485870442491425,0.248587044249142,0.861448656874858,0.0899642988759982,37.4749498997996,0.951412955750857,0.861448656874858,0.905441376178823,0.905441376178823,2.58434597062457,"PFR"
12.5584502338009,0.0481214231398803,0.24812142313988,0.86187024949325,0.090008327366869,37.6753507014028,0.95187857686012,0.86187024949325,0.905441376179288,0.905441376179288,2.58561074847975,"PFR"
12.625250501002,0.0476611197084115,0.247661119708411,0.862287027266137,0.0900518530254508,37.875751503006,0.952338880291589,0.862287027266137,0.905441376179748,0.905441376179748,2.58686108179841,"PFR"
12.6920507682031,0.0472060569800688,0.247206056980068,0.862699059889568,0.0900948831303621,38.0761523046092,0.952793943019931,0.862699059889568,0.905441376180202,0.905441376180202,2.5880971796687,"PFR"
12.7588510354041,0.0467561594114307,0.24675615941143,0.863106415763684,0.0901374248248848,38.2765531062124,0.953243840588569,0.863106415763684,0.905441376180651,0.905441376180651,2.58931924729105,"PFR"
12.8256513026052,0.0463113528571845,0.246311352857184,0.863509162022717,0.0901794851200977,38.4769539078156,0.953688647142816,0.863509162022717,0.905441376181094,0.905441376181094,2.59052748606815,"PFR"
12.8924515698063,0.0458715645379081,0.245871564537908,0.863907364564168,0.0902210708979225,38.6773547094188,0.954128435462092,0.863907364564168,0.905441376181531,0.905441376181531,2.59172209369251,"PFR"
12.9592518370073,0.0454367230087403,0.24543672300874,0.864301088077172,0.0902621889140871,38.877755511022,0.95456327699126,0.864301088077172,0.905441376181964,0.905441376181964,2.59290326423152,"PFR"
13.0260521042084,0.045006758128911,0.245006758128911,0.864690396070082,0.090302845801006,39.0781563126253,0.954993241871089,0.864690396070082,0.905441376182391,0.905441376182391,2.59407118821025,"PFR"
13.0928523714095,0.0445816010321045,0.244581601032104,0.865075350897311,0.0903430480705833,39.2785571142285,0.955418398967895,0.865075350897311,0.905441376182813,0.905441376182813,2.59522605269193,"PFR"
13.1596526386106,0.0441611840976286,0.244161184097628,0.865456013785432,0.0903828021169383,39.4789579158317,0.955838815902371,0.865456013785432,0.90544137618323,0.90544137618323,2.5963680413563,"PFR"
13.2264529058116,0.0437454409223651,0.243745440922365,0.865832444858575,0.0904221142190586,39.6793587174349,0.956254559077635,0.865832444858575,0.905441376183641,0.905441376183641,2.59749733457573,"PFR"
13.2932531730127,0.0433343062934761,0.243334306293476,0.866204703163143,0.0904609905433803,39.8797595190381,0.956665693706524,0.866204703163143,0.905441376184048,0.905441376184048,2.59861410948943,"PFR"
13.3600534402138,0.0429277161618429,0.242927716161842,0.866572846691856,0.0904994371462999,40.0801603206413,0.957072283838157,0.866572846691856,0.90544137618445,0.90544137618445,2.59971854007557,"PFR"
13.4268537074148,0.0425256076162148,0.242525607616214,0.866936932407166,0.0905374599766185,40.2805611222445,0.957474392383785,0.866936932407166,0.905441376184848,0.905441376184848,2.6008107972215,"PFR"
13.4936539746159,0.0421279188580454,0.242127918858045,0.867297016264032,0.0905750648779217,40.4809619238477,0.957872081141955,0.867297016264032,0.90544137618524,0.90544137618524,2.6018910487921,"PFR"
13.560454241817,0.0417345891769956,0.241734589176995,0.867653153232108,0.0906122575908955,40.6813627254509,0.958265410823004,0.867653153232108,0.905441376185628,0.905441376185628,2.60295945969632,"PFR"
13.627254509018,0.041345558927082,0.241345558927082,0.868005397317335,0.0906490437555819,40.8817635270541,0.958654441072918,0.868005397317335,0.905441376186012,0.905441376186012,2.60401619195201,"PFR"
13.6940547762191,0.0409607695034519,0.240960769503451,0.868353801582972,0.0906854289135751,41.0821643286573,0.959039230496548,0.868353801582972,0.905441376186391,0.905441376186391,2.60506140474892,"PFR"
13.7608550434202,0.040580163319765,0.240580163319765,0.868698418170074,0.0907214185101601,41.2825651302605,0.959419836680235,0.868698418170074,0.905441376186765,0.905441376186765,2.60609525451022,"PFR"
13.8276553106212,0.0402036837861641,0.240203683786164,0.869039298317439,0.090757017896396,41.4829659318637,0.959796316213836,0.869039298317439,0.905441376187135,0.905441376187135,2.60711789495232,"PFR"
13.8944555778223,0.0398312752878162,0.239831275287816,0.869376492381038,0.0907922323311446,41.6833667334669,0.960168724712184,0.869376492381038,0.905441376187501,0.905441376187501,2.60812947714311,"PFR"
13.9612558450234,0.0394628831640071,0.239462883164007,0.869710049852944,0.090827066983048,41.8837675350701,0.960537116835993,0.869710049852944,0.905441376187863,0.905441376187863,2.60913014955883,"PFR"
14.0280561122244,0.0390984536877737,0.239098453687773,0.870040019379772,0.0908615269324537,42.0841683366734,0.960901546312226,0.870040019379772,0.90544137618822,0.90544137618822,2.61012005813931,"PFR"
14.0948563794255,0.0387379340460562,0.238737934046056,0.870366448780651,0.0908956171732919,42.2845691382766,0.961262065953944,0.870366448780651,0.905441376188574,0.905441376188574,2.61109934634195,"PFR"
14.1616566466266,0.038381272320357,0.238381272320357,0.870689385064738,0.0909293426149043,42.4849699398798,0.961618727679643,0.870689385064738,0.905441376188923,0.905441376188923,2.61206815519421,"PFR"
14.2284569138277,0.0380284174678891,0.238028417467889,0.871008874448284,0.0909627080838265,42.685370741483,0.961971582532111,0.871008874448284,0.905441376189269,0.905441376189269,2.61302662334485,"PFR"
14.2952571810287,0.037679319303201,0.237679319303201,0.871324962371273,0.0909957183255257,42.8857715430862,0.962320680696799,0.871324962371273,0.90544137618961,0.90544137618961,2.61397488711382,"PFR"
14.3620574482298,0.0373339284802638,0.237333928480263,0.871637693513641,0.0910283780060944,43.0861723446894,0.962666071519736,0.871637693513641,0.905441376189947,0.905441376189947,2.61491308054092,"PFR"
14.4288577154309,0.0369921964750066,0.236992196475006,0.871947111811091,0.0910606917139019,43.2865731462926,0.963007803524993,0.871947111811091,0.905441376190281,0.905441376190281,2.61584133543327,"PFR"
14.4956579826319,0.0366540755682877,0.236654075568287,0.872253260470507,0.0910926639612046,43.4869739478958,0.963345924431712,0.872253260470507,0.905441376190611,0.905441376190611,2.61675978141152,"PFR"
14.562458249833,0.0363195188292884,0.236319518829288,0.872556181984995,0.0911242991857161,43.687374749499,0.963680481170712,0.872556181984995,0.905441376190938,0.905441376190938,2.61766854595498,"PFR"
14.6292585170341,0.0359884800993175,0.235988480099317,0.872855918148543,0.0911556017521386,43.8877755511022,0.964011519900683,0.872855918148543,0.90544137619126,0.90544137619126,2.61856775444563,"PFR"
14.6960587842351,0.0356609139760151,0.235660913976015,0.873152510070327,0.0911865759536568,44.0881763527054,0.964339086023985,0.873152510070327,0.905441376191579,0.905441376191579,2.61945753021098,"PFR"
14.7628590514362,0.0353367757979434,0.235336775797943,0.873445998188661,0.0912172260133947,44.2885771543086,0.964663224202057,0.873445998188661,0.905441376191895,0.905441376191895,2.62033799456598,"PFR"
14.8296593186373,0.0350160216295541,0.235016021629554,0.873736422284608,0.0912475560858372,44.4889779559118,0.964983978370446,0.873736422284608,0.905441376192207,0.905441376192207,2.62120926685382,"PFR"
14.8964595858383,0.0346986082465214,0.234698608246521,0.87402382149526,0.0912775702582172,44.689378757515,0.965301391753479,0.87402382149526,0.905441376192515,0.905441376192515,2.62207146448578,"PFR"
14.9632598530394,0.0343844931214305,0.23438449312143,0.8743082343267,0.0913072725518682,44.8897795591182,0.96561550687857,0.8743082343267,0.905441376192821,0.905441376192821,2.6229247029801,"PFR"
15.0300601202405,0.0340736344098114,0.234073634409811,0.874589698666642,0.0913366669235459,45.0901803607214,0.965926365590189,0.874589698666642,0.905441376193122,0.905441376193122,2.62376909599993,"PFR"
15.0968603874416,0.0337659909365084,0.233765990936508,0.874868251796774,0.0913657572667162,45.2905811623247,0.966234009063492,0.874868251796774,0.905441376193421,0.905441376193421,2.62460475539032,"PFR"
15.1636606546426,0.0334615221823758,0.233461522182375,0.875143930404809,0.0913945474128138,45.4909819639279,0.966538477817624,0.875143930404809,0.905441376193716,0.905441376193716,2.62543179121443,"PFR"
15.2304609218437,0.0331601882712909,0.233160188271291,0.875416770596238,0.0914230411324699,45.6913827655311,0.966839811728709,0.875416770596238,0.905441376194008,0.905441376194008,2.62625031178872,"PFR"
15.2972611890448,0.0328619499574754,0.232861949957475,0.875686807905813,0.0914512421367112,45.8917835671343,0.967138050042525,0.875686807905813,0.905441376194297,0.905441376194297,2.62706042371744,"PFR"
15.3640614562458,0.0325667686131163,0.232566768613116,0.875954077308752,0.0914791540781306,46.0921843687375,0.967433231386884,0.875954077308752,0.905441376194582,0.905441376194582,2.62786223192626,"PFR"
15.4308617234469,0.0322746062162794,0.232274606216279,0.87621861323169,0.0915067805520297,46.2925851703407,0.967725393783721,0.87621861323169,0.905441376194865,0.905441376194865,2.62865583969507,"PFR"
15.497661990648,0.0319854253391053,0.231985425339105,0.876480449563358,0.0915341250975355,46.4929859719439,0.968014574660895,0.876480449563358,0.905441376195144,0.905441376195144,2.62944134869007,"PFR"
15.564462257849,0.0316991891362821,0.231699189136282,0.876739619665027,0.0915611911986898,46.6933867735471,0.968300810863718,0.876739619665027,0.905441376195421,0.905441376195421,2.63021885899508,"PFR"
15.6312625250501,0.0314158613337861,0.231415861333786,0.876996156380699,0.0915879822855145,46.8937875751503,0.968584138666214,0.876996156380699,0.905441376195694,0.905441376195694,2.6309884691421,"PFR"
15.6980627922512,0.0311354062178839,0.231135406217883,0.877250092047064,0.0916145017350509,47.0941883767535,0.968864593782116,0.877250092047064,0.905441376195965,0.905441376195965,2.63175027614119,"PFR"
15.7648630594522,0.0308577886243882,0.230857788624388,0.877501458503235,0.0916407528723762,47.2945891783567,0.969142211375612,0.877501458503235,0.905441376196233,0.905441376196233,2.6325043755097,"PFR"
15.8316633266533,0.0305829739281616,0.230582973928161,0.877750287100242,0.0916667389715957,47.4949899799599,0.969417026071838,0.877750287100242,0.905441376196497,0.905441376196497,2.63325086130073,"PFR"
15.8984635938544,0.0303109280328599,0.230310928032859,0.877996608710327,0.0916924632568127,47.6953907815631,0.96968907196714,0.877996608710327,0.90544137619676,0.90544137619676,2.63398982613098,"PFR"
15.9652638610554,0.0300416173609106,0.23004161736091,0.878240453736012,0.0917179289030763,47.8957915831663,0.969958382639089,0.878240453736012,0.905441376197019,0.905441376197019,2.63472136120804,"PFR"
16.0320641282565,0.0297750088437193,0.229775008843719,0.878481852118973,0.0917431390373072,48.0961923847695,0.970224991156281,0.878481852118973,0.905441376197275,0.905441376197275,2.63544555635692,"PFR"
16.0988643954576,0.0295110699120974,0.229511069912097,0.878720833348699,0.091768096739203,48.2965931863727,0.970488930087903,0.878720833348699,0.905441376197529,0.905441376197529,2.6361625000461,"PFR"
16.1656646626587,0.0292497684869063,0.229249768486906,0.87895742647097,0.0917928050421229,48.496993987976,0.970750231513094,0.87895742647097,0.90544137619778,0.90544137619778,2.63687227941291,"PFR"
16.2324649298597,0.0289910729699124,0.228991072969912,0.879191660096134,0.0918172669339523,48.6973947895792,0.971008927030088,0.879191660096134,0.905441376198029,0.905441376198029,2.6375749802884,"PFR"
16.2992651970608,0.0287349522348465,0.228734952234846,0.879423562407204,0.0918414853579485,48.8977955911824,0.971265047765154,0.879423562407204,0.905441376198275,0.905441376198275,2.63827068722161,"PFR"
16.3660654642619,0.0284813756186627,0.228481375618662,0.87965316116777,0.0918654632135667,49.0981963927856,0.971518624381337,0.87965316116777,0.905441376198518,0.905441376198518,2.63895948350331,"PFR"
16.4328657314629,0.0282303129129924,0.228230312912992,0.879880483729738,0.0918892033572688,49.2985971943888,0.971769687087008,0.879880483729738,0.905441376198759,0.905441376198759,2.63964145118921,"PFR"
16.499665998664,0.0279817343557868,0.227981734355786,0.880105557040899,0.0919127086033131,49.498997995992,0.972018265644213,0.880105557040899,0.905441376198997,0.905441376198997,2.6403166711227,"PFR"
16.5664662658651,0.0277356106231444,0.227735610623144,0.880328407652327,0.0919359817245272,49.6993987975952,0.972264389376856,0.880328407652327,0.905441376199233,0.905441376199233,2.64098522295698,"PFR"
16.6332665330661,0.027491912821318,0.227491912821318,0.880549061725617,0.0919590254530643,49.8997995991984,0.972508087178682,0.880549061725617,0.905441376199466,0.905441376199466,2.64164718517685,"PFR"
16.7000668002672,0.0272506124788972,0.227250612478897,0.88076754503996,0.0919818424811415,50.1002004008016,0.972749387521103,0.88076754503996,0.905441376199697,0.905441376199697,2.64230263511988,"PFR"
16.7668670674683,0.0270116815391611,0.227011681539161,0.880983882999074,0.0920044354617639,50.3006012024048,0.972988318460839,0.880983882999074,0.905441376199926,0.905441376199926,2.64295164899722,"PFR"
16.8336673346693,0.0267750923525974,0.226775092352597,0.881198100637971,0.0920268070094312,50.501002004008,0.973224907647403,0.881198100637971,0.905441376200152,0.905441376200152,2.64359430191391,"PFR"
16.9004676018704,0.026540817669584,0.226540817669584,0.881410222629585,0.0920489597008301,50.7014028056112,0.973459182330416,0.881410222629585,0.905441376200376,0.905441376200376,2.64423066788876,"PFR"
16.9672678690715,0.0263088306332283,0.226308830633228,0.881620273291259,0.0920708960755114,50.9018036072144,0.973691169366772,0.881620273291259,0.905441376200598,0.905441376200598,2.64486081987378,"PFR"
17.0340681362725,0.0260791047723605,0.22607910477236,0.881828276591086,0.0920926186365526,51.1022044088176,0.973920895227639,0.881828276591086,0.905441376200817,0.905441376200817,2.64548482977326,"PFR"
17.1008684034736,0.0258516139946774,0.225851613994677,0.882034256154116,0.0921141298512058,51.3026052104209,0.974148386005323,0.882034256154116,0.905441376201034,0.905441376201034,2.64610276846235,"PFR"
17.1676686706747,0.0256263325800321,0.225626332580032,0.882238235268434,0.0921354321515328,51.503006012024,0.974373667419968,0.882238235268434,0.905441376201249,0.905441376201249,2.6467147058053,"PFR"
17.2344689378758,0.0254032351738674,0.225403235173867,0.882440236891106,0.0921565279350255,51.7034068136273,0.974596764826133,0.882440236891106,0.905441376201462,0.905441376201462,2.64732071067332,"PFR"
17.3012692050768,0.0251822967807876,0.225182296780787,0.882640283653997,0.0921774195652141,51.9038076152305,0.974817703219212,0.882640283653997,0.905441376201672,0.905441376201672,2.64792085096199,"PFR"
17.3680694722779,0.0249634927582663,0.224963492758266,0.882838397869471,0.092198109372262,52.1042084168337,0.975036507241734,0.882838397869471,0.905441376201881,0.905441376201881,2.64851519360841,"PFR"
17.434869739479,0.0247467988104871,0.224746798810487,0.883034601535964,0.0922185996535482,52.3046092184369,0.975253201189513,0.883034601535964,0.905441376202087,0.905441376202087,2.64910380460789,"PFR"
17.50167000668,0.0245321909823131,0.224532190982313,0.883228916343449,0.0922388926742373,52.5050100200401,0.975467809017687,0.883228916343449,0.905441376202291,0.905441376202291,2.64968674903035,"PFR"
17.5684702738811,0.024319645653383,0.224319645653383,0.883421363678778,0.0922589906678383,52.7054108216433,0.975680354346617,0.883421363678778,0.905441376202493,0.905441376202493,2.65026409103633,"PFR"
17.6352705410822,0.0241091395323289,0.224109139532329,0.883611964630919,0.0922788958367508,52.9058116232465,0.975890860467671,0.883611964630919,0.905441376202693,0.905441376202693,2.65083589389276,"PFR"
17.7020708082832,0.0239006496511163,0.223900649651116,0.883800739996082,0.0922986103528005,53.1062124248497,0.976099350348884,0.883800739996082,0.905441376202892,0.905441376202892,2.65140221998825,"PFR"
17.7688710754843,0.0236941533594988,0.223694153359498,0.883987710282737,0.0923181363577635,53.3066132264529,0.976305846640501,0.883987710282737,0.905441376203088,0.905441376203088,2.65196313084821,"PFR"
17.8356713426854,0.0234896283195889,0.223489628319589,0.884172895716531,0.0923374759638797,53.5070140280561,0.976510371680411,0.884172895716531,0.905441376203282,0.905441376203282,2.65251868714959,"PFR"
17.9024716098864,0.0232870525005397,0.223287052500539,0.884356316245104,0.0923566312543556,53.7074148296593,0.97671294749946,0.884356316245104,0.905441376203474,0.905441376203474,2.65306894873531,"PFR"
17.9692718770875,0.023086404173335,0.223086404173335,0.884537991542807,0.0923756042838572,53.9078156312625,0.976913595826665,0.884537991542807,0.905441376203665,0.905441376203665,2.65361397462842,"PFR"
18.0360721442886,0.0228876619056867,0.222887661905686,0.884717941015321,0.0923943970789919,54.1082164328657,0.977112338094313,0.884717941015321,0.905441376203853,0.905441376203853,2.65415382304596,"PFR"
18.1028724114896,0.022690804557035,0.222690804557035,0.884896183804182,0.0924130116387822,54.3086172344689,0.977309195442965,0.884896183804182,0.90544137620404,0.90544137620404,2.65468855141255,"PFR"
18.1696726786907,0.0224958112736503,0.22249581127365,0.885072738791221,0.0924314499351278,54.5090180360721,0.97750418872635,0.885072738791221,0.905441376204225,0.905441376204225,2.65521821637366,"PFR"
18.2364729458918,0.0223026614838343,0.222302661483834,0.885247624602905,0.0924497139132604,54.7094188376754,0.977697338516166,0.885247624602905,0.905441376204408,0.905441376204408,2.65574287380871,"PFR"
18.3032732130929,0.022111334893217,0.222111334893217,0.885420859614595,0.0924678054921875,54.9098196392786,0.977888665106783,0.885420859614595,0.905441376204589,0.905441376204589,2.65626257884378,"PFR"
18.3700734802939,0.0219218114801485,0.221921811480148,0.885592461954722,0.0924857265651288,55.1102204408818,0.978078188519852,0.885592461954722,0.905441376204768,0.905441376204768,2.65677738586417,"PFR"
18.436873747495,0.0217340714911828,0.221734071491182,0.885762449508874,0.0925034789999429,55.310621242485,0.978265928508817,0.885762449508874,0.905441376204946,0.905441376204946,2.65728734852662,"PFR"
18.5036740146961,0.0215480954366514,0.221548095436651,0.885930839923802,0.0925210646395461,55.5110220440882,0.978451904563349,0.885930839923802,0.905441376205122,0.905441376205122,2.6577925197714,"PFR"
18.5704742818971,0.0213638640863249,0.221363864086325,0.886097650611352,0.0925384853023223,55.7114228456914,0.978636135913675,0.886097650611352,0.905441376205296,0.905441376205296,2.65829295183406,"PFR"
18.6372745490982,0.0211813584651606,0.22118135846516,0.886262898752313,0.0925557427825256,55.9118236472946,0.978818641534839,0.886262898752313,0.905441376205469,0.905441376205469,2.65878869625694,"PFR"
18.7040748162993,0.0210005598491334,0.221000559849133,0.886426601300192,0.0925728388506738,56.1122244488978,0.978999440150867,0.886426601300192,0.90544137620564,0.90544137620564,2.65927980390058,"PFR"
18.7708750835003,0.0208214497611495,0.220821449761149,0.886588774984914,0.0925897752539356,56.312625250501,0.97917855023885,0.886588774984914,0.905441376205809,0.905441376205809,2.65976632495474,"PFR"
18.8376753507014,0.0206440099670391,0.220644009967039,0.886749436316451,0.0926065537165089,56.5130260521042,0.979355990032961,0.886749436316451,0.905441376205976,0.905441376205976,2.66024830894935,"PFR"
18.9044756179025,0.020468222471628,0.220468222471628,0.886908601588379,0.0926231759399927,56.7134268537074,0.979531777528372,0.886908601588379,0.905441376206142,0.905441376206142,2.66072580476514,"PFR"
18.9712758851035,0.0202940695148858,0.220294069514885,0.887066286881363,0.0926396436037509,56.9138276553106,0.979705930485114,0.887066286881363,0.905441376206307,0.905441376206307,2.66119886064409,"PFR"
19.0380761523046,0.0201215335681482,0.220121533568148,0.887222508066581,0.0926559583652699,57.1142284569138,0.979878466431852,0.887222508066581,0.905441376206469,0.905441376206469,2.66166752419974,"PFR"
19.1048764195057,0.0199505973304124,0.219950597330412,0.887377280809078,0.0926721218605087,57.314629258517,0.980049402669588,0.887377280809078,0.90544137620663,0.90544137620663,2.66213184242723,"PFR"
19.1716766867067,0.0197812437247047,0.219781243724704,0.887530620571052,0.0926881357042424,57.5150300601203,0.980218756275295,0.887530620571052,0.90544137620679,0.90544137620679,2.66259186171316,"PFR"
19.2384769539078,0.0196134558945165,0.219613455894516,0.887682542615084,0.0927040014903992,57.7154308617234,0.980386544105484,0.887682542615084,0.905441376206948,0.905441376206948,2.66304762784525,"PFR"
19.3052772211089,0.0194472172003097,0.219447217200309,0.887833062007299,0.092719720792391,57.9158316633267,0.98055278279969,0.887833062007299,0.905441376207105,0.905441376207105,2.6634991860219,"PFR"
19.37207748831,0.0192825112160881,0.219282511216088,0.887982193620474,0.0927352951634374,58.1162324649299,0.980717488783912,0.887982193620474,0.90544137620726,0.90544137620726,2.66394658086142,"PFR"
19.438877755511,0.0191193217260343,0.219119321726034,0.888129952137081,0.0927507261368837,58.3166332665331,0.980880678273966,0.888129952137081,0.905441376207413,0.905441376207413,2.66438985641124,"PFR"
19.5056780227121,0.01895763272121,0.21895763272121,0.888276352052277,0.092766015226513,58.5170340681363,0.98104236727879,0.888276352052277,0.905441376207566,0.905441376207566,2.66482905615683,"PFR"
19.5724782899132,0.018797428396319,0.218797428396319,0.888421407676828,0.0927811639268524,58.7174348697395,0.981202571603681,0.888421407676828,0.905441376207716,0.905441376207716,2.66526422303048,"PFR"
19.6392785571142,0.0186386931465313,0.218638693146531,0.888565133139995,0.0927961737134732,58.9178356713427,0.981361306853469,0.888565133139995,0.905441376207866,0.905441376207866,2.66569539941999,"PFR"
19.7060788243153,0.018481411564366,0.218481411564366,0.888707542392348,0.0928110460432855,59.1182364729459,0.981518588435634,0.888707542392348,0.905441376208013,0.905441376208013,2.66612262717704,"PFR"
19.7728790915164,0.0183255684366332,0.218325568436633,0.888848649208539,0.0928257823548276,59.3186372745491,0.981674431563367,0.888848649208539,0.90544137620816,0.90544137620816,2.66654594762562,"PFR"
19.8396793587174,0.0181711487414333,0.218171148741433,0.888988467190016,0.0928403840685496,59.5190380761523,0.981828851258567,0.888988467190016,0.905441376208305,0.905441376208305,2.66696540157005,"PFR"
19.9064796259185,0.0180181376452108,0.21801813764521,0.889127009767696,0.0928548525870921,59.7194388777555,0.981981862354789,0.889127009767696,0.905441376208449,0.905441376208449,2.66738102930309,"PFR"
19.9732798931196,0.017866520499864,0.217866520499864,0.889264290204576,0.0928691892955595,59.9198396793587,0.982133479500136,0.889264290204576,0.905441376208591,0.905441376208591,2.66779287061373,"PFR"
20.0400801603206,0.0177162828399073,0.217716282839907,0.889400321598304,0.0928833955617882,60.1202404809619,0.982283717160093,0.889400321598304,0.905441376208732,0.905441376208732,2.66820096479491,"PFR"
20.1068804275217,0.0175674103796862,0.217567410379686,0.889535116883703,0.0928974727366099,60.3206412825651,0.982432589620314,0.889535116883703,0.905441376208872,0.905441376208872,2.66860535065111,"PFR"
20.1736806947228,0.0174198890106432,0.217419889010643,0.889668688835246,0.0929114221541104,60.5210420841683,0.982580110989357,0.889668688835246,0.90544137620901,0.90544137620901,2.66900606650574,"PFR"
20.2404809619239,0.0172737047986336,0.217273704798633,0.889801050069483,0.0929252451318833,60.7214428857716,0.982726295201366,0.889801050069483,0.905441376209147,0.905441376209147,2.66940315020845,"PFR"
20.3072812291249,0.0171288439812906,0.21712884398129,0.88993221304743,0.092938942971279,60.9218436873748,0.982871156018709,0.88993221304743,0.905441376209283,0.905441376209283,2.66979663914229,"PFR"
20.374081496326,0.0169852929654384,0.216985292965438,0.890062190076912,0.0929525169576495,61.122244488978,0.983014707034562,0.890062190076912,0.905441376209417,0.905441376209417,2.67018657023074,"PFR"
20.4408817635271,0.0168430383245512,0.216843038324551,0.89019099331486,0.0929659683605886,61.3226452905812,0.983156961675449,0.89019099331486,0.905441376209551,0.905441376209551,2.67057297994458,"PFR"
20.5076820307281,0.0167020667962597,0.216702066796259,0.890318634769572,0.0929792984341676,61.5230460921844,0.98329793320374,0.890318634769572,0.905441376209683,0.905441376209683,2.67095590430872,"PFR"
20.5744822979292,0.0165623652799012,0.216562365279901,0.890445126302931,0.0929925084171673,61.7234468937876,0.983437634720099,0.890445126302931,0.905441376209814,0.905441376209814,2.67133537890879,"PFR"
20.6412825651303,0.0164239208341144,0.216423920834114,0.89057047963258,0.0930055995333048,61.9238476953908,0.983576079165886,0.89057047963258,0.905441376209943,0.905441376209943,2.67171143889774,"PFR"
20.7080828323313,0.0162867206744769,0.216286720674477,0.890694706334065,0.0930185729914576,62.124248496994,0.983713279325523,0.890694706334065,0.905441376210072,0.905441376210072,2.6720841190022,"PFR"
20.7748830995324,0.0161507521711851,0.216150752171185,0.890817817842932,0.0930314299858825,62.3246492985972,0.983849247828815,0.890817817842932,0.905441376210199,0.905441376210199,2.6724534535288,"PFR"
20.8416833667335,0.0160160028467753,0.216016002846775,0.890939825456793,0.0930441716964313,62.5250501002004,0.983983997153225,0.890939825456793,0.905441376210325,0.905441376210325,2.67281947637038,"PFR"
20.9084836339345,0.0158824603738852,0.215882460373885,0.891060740337352,0.0930567992887624,62.7254509018036,0.984117539626115,0.891060740337352,0.90544137621045,0.90544137621045,2.67318222101206,"PFR"
20.9752839011356,0.015750112573055,0.215750112573055,0.891180573512396,0.0930693139145487,62.9258517034068,0.984249887426945,0.891180573512396,0.905441376210573,0.905441376210573,2.67354172053719,"PFR"
21.0420841683367,0.0156189474105676,0.215618947410567,0.89129933587775,0.093081716711682,63.12625250501,0.984381052589432,0.89129933587775,0.905441376210696,0.905441376210696,2.67389800763325,"PFR"
21.1088844355377,0.0154889529963259,0.215488952996326,0.8914170381992,0.0930940088044734,63.3266533066132,0.984511047003674,0.8914170381992,0.905441376210817,0.905441376210817,2.6742511145976,"PFR"
21.1756847027388,0.0153601175817682,0.215360117581768,0.891533691114381,0.0931061913038508,63.5270541082164,0.984639882418232,0.891533691114381,0.905441376210938,0.905441376210938,2.67460107334314,"PFR"
21.2424849699399,0.0152324295578198,0.215232429557819,0.891649305134628,0.0931182653075523,63.7274549098196,0.98476757044218,0.891649305134628,0.905441376211057,0.905441376211057,2.67494791540388,"PFR"
21.309285237141,0.0151058774528797,0.215105877452879,0.891763890646803,0.0931302319003166,63.9278557114229,0.98489412254712,0.891763890646803,0.905441376211175,0.905441376211175,2.67529167194041,"PFR"
21.376085504342,0.0149804499308431,0.214980449930843,0.891877457915086,0.0931420921540703,64.1282565130261,0.985019550069157,0.891877457915086,0.905441376211292,0.905441376211292,2.67563237374526,"PFR"
21.4428857715431,0.0148561357891578,0.214856135789157,0.891990017082731,0.0931538471281113,64.3286573146293,0.985143864210842,0.891990017082731,0.905441376211408,0.905441376211408,2.67597005124819,"PFR"
21.5096860387442,0.0147329239569139,0.214732923956914,0.892101578173796,0.0931654978692895,64.5290581162325,0.985267076043086,0.892101578173796,0.905441376211523,0.905441376211523,2.67630473452139,"PFR"
21.5764863059452,0.0146108034929664,0.214610803492966,0.892212151094849,0.0931770454121846,64.7294589178357,0.985389196507034,0.892212151094849,0.905441376211637,0.905441376211637,2.67663645328455,"PFR"
21.6432865731463,0.0144897635840909,0.214489763584091,0.892321745636629,0.0931884907792801,64.9298597194389,0.985510236415909,0.892321745636629,0.90544137621175,0.90544137621175,2.67696523690989,"PFR"
21.7100868403474,0.0143697935431695,0.214369793543169,0.892430371475695,0.0931998349811352,65.1302605210421,0.985630206456831,0.892430371475695,0.905441376211862,0.905441376211862,2.67729111442709,"PFR"
21.7768871075484,0.0142508828074083,0.214250882807408,0.892538038176038,0.0932110790165532,65.3306613226453,0.985749117192592,0.892538038176038,0.905441376211972,0.905441376211972,2.67761411452811,"PFR"
21.8436873747495,0.0141330209365859,0.214133020936586,0.892644755190667,0.093222223872747,65.5310621242485,0.985866979063414,0.892644755190667,0.905441376212082,0.905441376212082,2.677934265572,"PFR"
21.9104876419506,0.0140161976113301,0.21401619761133,0.892750531863167,0.0932332705255022,65.7314629258517,0.98598380238867,0.892750531863167,0.905441376212191,0.905441376212191,2.6782515955895,"PFR"
21.9772879091516,0.0139004026314251,0.213900402631425,0.892855377429237,0.0932442199393372,65.9318637274549,0.986099597368575,0.892855377429237,0.905441376212299,0.905441376212299,2.67856613228771,"PFR"
22.0440881763527,0.0137856259141464,0.213785625914146,0.892959301018193,0.0932550730676606,66.1322645290581,0.986214374085854,0.892959301018193,0.905441376212406,0.905441376212406,2.67887790305458,"PFR"
22.1108884435538,0.0136718574926241,0.213671857492624,0.89306231165445,0.0932658308529258,66.3326653306613,0.986328142507376,0.89306231165445,0.905441376212512,0.905441376212512,2.67918693496335,"PFR"
22.1776887107548,0.0135590875142336,0.213559087514233,0.893164418258983,0.0932764942267834,66.5330661322645,0.986440912485766,0.893164418258983,0.905441376212617,0.905441376212617,2.67949325477695,"PFR"
22.2444889779559,0.0134473062390128,0.213447306239012,0.893265629650756,0.0932870641102309,66.7334669338677,0.986552693760987,0.893265629650756,0.905441376212721,0.905441376212721,2.67979688895227,"PFR"
22.311289245157,0.0133365040381063,0.213336504038106,0.893365954548134,0.0932975414137595,66.9338677354709,0.986663495961894,0.893365954548134,0.905441376212824,0.905441376212824,2.6800978636444,"PFR"
22.3780895123581,0.0132266713922351,0.213226671392235,0.893465401570266,0.0933079270374992,67.1342685370741,0.986773328607765,0.893465401570266,0.905441376212926,0.905441376212926,2.6803962047108,"PFR"
22.4448897795591,0.0131177988901912,0.213117798890191,0.893563979238448,0.0933182218713608,67.3346693386774,0.986882201109809,0.893563979238448,0.905441376213027,0.905441376213027,2.68069193771534,"PFR"
22.5116900467602,0.0130098772273582,0.213009877227358,0.893661695977466,0.0933284267951761,67.5350701402806,0.986990122772642,0.893661695977466,0.905441376213127,0.905441376213127,2.6809850879324,"PFR"
22.5784903139613,0.0129028972042551,0.212902897204255,0.893758560116909,0.0933385426788353,67.7354709418838,0.987097102795745,0.893758560116909,0.905441376213227,0.905441376213227,2.68127568035073,"PFR"
22.6452905811623,0.0127968497251047,0.212796849725104,0.893854579892473,0.0933485703824225,67.935871743487,0.987203150274895,0.893854579892473,0.905441376213325,0.905441376213325,2.68156373967742,"PFR"
22.7120908483634,0.0126917257964255,0.212691725796425,0.893949763447225,0.0933585107563491,68.1362725450902,0.987308274203575,0.893949763447225,0.905441376213423,0.905441376213423,2.68184929034168,"PFR"
22.7788911155645,0.0125875165256456,0.212587516525645,0.89404411883287,0.0933683646414842,68.3366733466934,0.987412483474354,0.89404411883287,0.90544137621352,0.90544137621352,2.68213235649861,"PFR"
22.8456913827655,0.0124842131197409,0.212484213119741,0.894137654010975,0.0933781328692843,68.5370741482966,0.987515786880259,0.894137654010975,0.905441376213616,0.905441376213616,2.68241296203292,"PFR"
22.9124916499666,0.0123818068838936,0.212381806883893,0.894230376854187,0.0933878162619193,68.7374749498998,0.987618193116106,0.894230376854187,0.905441376213711,0.905441376213711,2.68269113056256,"PFR"
22.9792919171677,0.0122802892201737,0.212280289220173,0.894322295147429,0.0933974156323976,68.937875751503,0.987719710779826,0.894322295147429,0.905441376213805,0.905441376213805,2.68296688544229,"PFR"
23.0460921843687,0.012179651626241,0.212179651626241,0.89441341658907,0.0934069317846887,69.1382765531062,0.987820348373759,0.89441341658907,0.905441376213898,0.905441376213898,2.68324024976721,"PFR"
23.1128924515698,0.0120798856940688,0.212079885694069,0.894503748792087,0.0934163655138442,69.3386773547094,0.987920114305931,0.894503748792087,0.905441376213991,0.905441376213991,2.68351124637626,"PFR"
23.1796927187709,0.0119809831086872,0.211980983108687,0.894593299285196,0.0934257176061161,69.5390781563126,0.988019016891313,0.894593299285196,0.905441376214083,0.905441376214083,2.68377989785559,"PFR"
23.2464929859719,0.0118829356469468,0.211882935646946,0.894682075513979,0.0934349888390741,69.7394789579158,0.988117064353053,0.894682075513979,0.905441376214174,0.905441376214174,2.68404622654194,"PFR"
23.313293253173,0.0117857351763028,0.211785735176302,0.894770084841977,0.0934441799817205,69.939879759519,0.988214264823697,0.894770084841977,0.905441376214264,0.905441376214264,2.68431025452593,"PFR"
23.3800935203741,0.0116893736536174,0.211689373653617,0.894857334551779,0.0934532917946033,70.1402805611222,0.988310626346383,0.894857334551779,0.905441376214353,0.905441376214353,2.68457200365534,"PFR"
23.4468937875752,0.0115938431239819,0.211593843123982,0.89494383184609,0.0934623250299276,70.3406813627255,0.988406156876018,0.89494383184609,0.905441376214442,0.905441376214442,2.68483149553827,"PFR"
23.5136940547762,0.0114991357195574,0.211499135719557,0.895029583848777,0.0934712804316655,70.5410821643287,0.988500864280443,0.895029583848777,0.905441376214529,0.905441376214529,2.68508875154633,"PFR"
23.5804943219773,0.0114052436584335,0.211405243658433,0.895114597605903,0.0934801587356638,70.7414829659319,0.988594756341566,0.895114597605903,0.905441376214616,0.905441376214616,2.68534379281771,"PFR"
23.6472945891784,0.011312159243505,0.211312159243505,0.895198880086745,0.09348896066975,70.9418837675351,0.988687840756495,0.895198880086745,0.905441376214703,0.905441376214703,2.68559664026023,"PFR"
23.7140948563794,0.0112198748613665,0.211219874861366,0.895282438184796,0.0934976869538374,71.1422845691383,0.988780125138633,0.895282438184796,0.905441376214788,0.905441376214788,2.68584731455439,"PFR"
23.7808951235805,0.0111283829812244,0.211128382981224,0.895365278718748,0.0935063383000274,71.3426853707415,0.988871617018776,0.895365278718748,0.905441376214873,0.905441376214873,2.68609583615624,"PFR"
23.8476953907816,0.0110376761538251,0.211037676153825,0.895447408433464,0.0935149154127111,71.5430861723447,0.988962323846175,0.895447408433464,0.905441376214957,0.905441376214957,2.68634222530039,"PFR"
23.9144956579826,0.010947747010401,0.210947747010401,0.89552883400093,0.0935234189886691,71.7434869739479,0.989052252989599,0.89552883400093,0.90544137621504,0.90544137621504,2.68658650200279,"PFR"
23.9812959251837,0.0108585882616316,0.210858588261631,0.895609562021199,0.0935318497171695,71.9438877755511,0.989141411738368,0.895609562021199,0.905441376215123,0.905441376215123,2.6868286860636,"PFR"
24.0480961923848,0.0107701926966222,0.210770192696622,0.895689599023313,0.0935402082800646,72.1442885771543,0.989229807303378,0.895689599023313,0.905441376215204,0.905441376215204,2.68706879706994,"PFR"
24.1148964595858,0.0106825531818969,0.210682553181897,0.895768951466217,0.093548495351886,72.3446893787575,0.989317446818103,0.895768951466217,0.905441376215286,0.905441376215286,2.68730685439865,"PFR"
24.1816967267869,0.0105956626604079,0.210595662660408,0.895847625739654,0.0935567115999384,72.5450901803607,0.989404337339592,0.895847625739654,0.905441376215366,0.905441376215366,2.68754287721896,"PFR"
24.248496993988,0.0105095141505601,0.21050951415056,0.895925628165048,0.0935648576843918,72.7454909819639,0.98949048584944,0.895925628165048,0.905441376215446,0.905441376215446,2.68777688449514,"PFR"
24.315297261189,0.0104241007452499,0.21042410074525,0.896002964996377,0.0935729342583726,72.9458917835671,0.98957589925475,0.896002964996377,0.905441376215525,0.905441376215525,2.68800889498913,"PFR"
24.3820975283901,0.0103394156109198,0.21033941561092,0.896079642421028,0.0935809419680523,73.1462925851703,0.98966058438908,0.896079642421028,0.905441376215603,0.905441376215603,2.68823892726308,"PFR"
24.4488977955912,0.0102554519866261,0.210255451986626,0.896155666560637,0.0935888814527367,73.3466933867736,0.989744548013374,0.896155666560637,0.90544137621568,0.90544137621568,2.68846699968191,"PFR"
24.5156980627923,0.010172203183122,0.210172203183122,0.896231043471926,0.0935967533449516,73.5470941883768,0.989827796816878,0.896231043471926,0.905441376215757,0.905441376215757,2.68869313041578,"PFR"
24.5824983299933,0.0100896625819537,0.210089662581953,0.896305779147517,0.0936045582705289,73.74749498998,0.989910337418046,0.896305779147517,0.905441376215834,0.905441376215834,2.68891733744255,"PFR"
24.6492985971944,0.0100078236345705,0.21000782363457,0.896379879516739,0.0936122968486905,73.9478957915832,0.989992176365429,0.896379879516739,0.905441376215909,0.905441376215909,2.68913963855022,"PFR"
24.7160988643955,0.00992667986144848,0.209926679861448,0.89645335044642,0.0936199696921314,74.1482965931864,0.990073320138552,0.89645335044642,0.905441376215984,0.905441376215984,2.68936005133926,"PFR"
24.7828991315965,0.00984622485122677,0.209846224851227,0.896526197741672,0.0936275774071009,74.3486973947896,0.990153775148773,0.896526197741672,0.905441376216058,0.905441376216058,2.68957859322502,"PFR"
24.8496993987976,0.00976645225985753,0.209766452259857,0.896598427146659,0.0936351205934835,74.5490981963928,0.990233547740142,0.896598427146659,0.905441376216132,0.905441376216132,2.68979528143998,"PFR"
24.9164996659987,0.00968735580976804,0.209687355809768,0.896670044345354,0.0936425998448778,74.749498997996,0.990312644190232,0.896670044345354,0.905441376216205,0.905441376216205,2.69001013303606,"PFR"
24.9832999331997,0.00960892928903557,0.209608929289035,0.896741054962289,0.0936500157486747,74.9498997995992,0.990391070710964,0.896741054962289,0.905441376216278,0.905441376216278,2.69022316488687,"PFR"
25.0501002004008,0.00953116655057437,0.209531166550574,0.896811464563291,0.0936573688861342,75.1503006012024,0.990468833449426,0.896811464563291,0.905441376216349,0.905441376216349,2.69043439368987,"PFR"
25.1169004676019,0.00945406151133482,0.209454061511335,0.896881278656204,0.093664659832461,75.3507014028056,0.990545938488665,0.896881278656204,0.905441376216421,0.905441376216421,2.69064383596861,"PFR"
25.1837007348029,0.00937760815151438,0.209377608151514,0.896950502691606,0.0936718891568793,75.5511022044088,0.990622391848486,0.896950502691606,0.905441376216491,0.905441376216491,2.69085150807482,"PFR"
25.250501002004,0.00930180051378018,0.20930180051378,0.897019142063513,0.0936790574227065,75.751503006012,0.99069819948622,0.897019142063513,0.905441376216561,0.905441376216561,2.69105742619054,"PFR"
25.3173012692051,0.00922663270250306,0.209226632702503,0.897087202110072,0.0936861651874249,75.9519038076152,0.990773367297497,0.897087202110072,0.90544137621663,0.90544137621663,2.69126160633022,"PFR"
25.3841015364061,0.00915209888300278,0.209152098883003,0.897154688114243,0.0936932130027541,76.1523046092184,0.990847901116997,0.897154688114243,0.905441376216699,0.905441376216699,2.69146406434273,"PFR"
25.4509018036072,0.00907819328080443,0.209078193280804,0.897221605304475,0.0937002014147203,76.3527054108216,0.990921806719196,0.897221605304475,0.905441376216767,0.905441376216767,2.69166481591343,"PFR"
25.5177020708083,0.0090049101809055,0.209004910180905,0.897287958855368,0.0937071309637264,76.5531062124249,0.990995089819094,0.897287958855368,0.905441376216835,0.905441376216835,2.6918638765661,"PFR"
25.5845023380094,0.00893224392705378,0.208932243927054,0.897353753888326,0.0937140021846197,76.7535070140281,0.991067756072946,0.897353753888326,0.905441376216902,0.905441376216902,2.69206126166498,"PFR"
25.6513026052104,0.00886018892103565,0.208860188921035,0.897418995472205,0.0937208156067596,76.9539078156313,0.991139811078964,0.897418995472205,0.905441376216968,0.905441376216968,2.69225698641661,"PFR"
25.7181028724115,0.00878873962197468,0.208788739621974,0.897483688623942,0.0937275717540838,77.1543086172345,0.991211260378025,0.897483688623942,0.905441376217034,0.905441376217034,2.69245106587182,"PFR"
25.7849031396126,0.00871789054564041,0.20871789054564,0.897547838309186,0.0937342711451735,77.3547094188377,0.99128210945436,0.897547838309186,0.905441376217099,0.905441376217099,2.69264351492756,"PFR"
25.8517034068136,0.0086476362637671,0.208647636263767,0.897611449442915,0.0937409142933182,77.5551102204409,0.991352363736233,0.897611449442915,0.905441376217164,0.905441376217164,2.69283434832874,"PFR"
25.9185036740147,0.00857797140338218,0.208577971403382,0.897674526890039,0.0937475017065786,77.7555110220441,0.991422028596618,0.897674526890039,0.905441376217228,0.905441376217228,2.69302358067012,"PFR"
25.9853039412158,0.0085088906461444,0.208508890646144,0.897737075466006,0.0937540338878497,77.9559118236473,0.991491109353856,0.897737075466006,0.905441376217292,0.905441376217292,2.69321122639802,"PFR"
26.0521042084168,0.00844038872769145,0.208440388727691,0.897799099937386,0.0937605113349226,78.1563126252505,0.991559611272309,0.897799099937386,0.905441376217355,0.905441376217355,2.69339729981216,"PFR"
26.1189044756179,0.00837246043699665,0.208372460436996,0.897860605022459,0.0937669345405445,78.3567134268537,0.991627539563003,0.897860605022459,0.905441376217418,0.905441376217418,2.69358181506738,"PFR"
26.185704742819,0.00830510061573415,0.208305100615734,0.897921595391786,0.0937733039924798,78.5571142284569,0.991694899384266,0.897921595391786,0.90544137621748,0.90544137621748,2.69376478617536,"PFR"
26.25250501002,0.00823830415764963,0.208238304157649,0.897982075668782,0.0937796201735689,78.7575150300601,0.99176169584235,0.897982075668782,0.905441376217541,0.905441376217541,2.69394622700634,"PFR"
26.3193052772211,0.00817206600795769,0.208172066007958,0.898042050430257,0.0937858835617852,78.9579158316633,0.991827933992042,0.898042050430257,0.905441376217602,0.905441376217602,2.69412615129077,"PFR"
26.3861055444222,0.00810638116273058,0.20810638116273,0.898101524206976,0.0937920946302932,79.1583166332665,0.991893618837269,0.898101524206976,0.905441376217663,0.905441376217663,2.69430457262093,"PFR"
26.4529058116232,0.00804124466828958,0.208041244668289,0.898160501484204,0.0937982538475061,79.3587174348697,0.99195875533171,0.898160501484204,0.905441376217723,0.905441376217723,2.69448150445261,"PFR"
26.5197060788243,0.00797665162061942,0.207976651620619,0.89821898670224,0.0938043616771407,79.559118236473,0.992023348379381,0.89821898670224,0.905441376217782,0.905441376217782,2.69465696010672,"PFR"
26.5865063460254,0.00791259716478662,0.207912597164786,0.89827698425694,0.093810418578273,79.7595190380762,0.992087402835213,0.89827698425694,0.905441376217841,0.905441376217841,2.69483095277082,"PFR"
26.6533066132265,0.00784907649436541,0.207849076494365,0.898334498500243,0.0938164250053917,79.9599198396794,0.992150923505635,0.898334498500243,0.905441376217899,0.905441376217899,2.69500349550073,"PFR"
26.7201068804275,0.00778608485087173,0.207786084850872,0.898391533740676,0.0938223814084528,80.1603206412826,0.992213915149128,0.898391533740676,0.905441376217957,0.905441376217957,2.69517460122203,"PFR"
26.7869071476286,0.00772361752320499,0.207723617523205,0.898448094243864,0.0938282882329313,80.3607214428858,0.992276382476795,0.898448094243864,0.905441376218015,0.905441376218015,2.69534428273159,"PFR"
26.8537074148297,0.00766166984709764,0.207661669847097,0.898504184233029,0.093834145919874,80.561122244489,0.992338330152902,0.898504184233029,0.905441376218072,0.905441376218072,2.69551255269909,"PFR"
26.9205076820307,0.00760023720457233,0.207600237204572,0.898559807889478,0.0938399549059504,80.7615230460922,0.992399762795428,0.898559807889478,0.905441376218128,0.905441376218128,2.69567942366843,"PFR"
26.9873079492318,0.00753931502340658,0.207539315023406,0.89861496935309,0.0938457156235036,80.9619238476954,0.992460684976593,0.89861496935309,0.905441376218184,0.905441376218184,2.69584490805927,"PFR"
27.0541082164329,0.00747889877660478,0.207478898776605,0.898669672722795,0.0938514285006001,81.1623246492986,0.992521101223395,0.898669672722795,0.90544137621824,0.90544137621824,2.69600901816839,"PFR"
27.1209084836339,0.00741898398187749,0.207418983981877,0.898723922057044,0.0938570939610791,81.3627254509018,0.992581016018123,0.898723922057044,0.905441376218295,0.905441376218295,2.69617176617113,"PFR"
27.187708750835,0.00735956620112783,0.207359566201128,0.898777721374272,0.0938627124246007,81.563126252505,0.992640433798872,0.898777721374272,0.905441376218349,0.905441376218349,2.69633316412281,"PFR"
27.2545090180361,0.00730064103994491,0.207300641039945,0.898831074653361,0.0938682843066945,81.7635270541082,0.992699358960055,0.898831074653361,0.905441376218403,0.905441376218403,2.69649322396008,"PFR"
27.3213092852371,0.00724220414710411,0.207242204147104,0.89888398583409,0.0938738100188063,81.9639278557114,0.992757795852896,0.89888398583409,0.905441376218457,0.905441376218457,2.69665195750227,"PFR"
27.3881095524382,0.0071842512140743,0.207184251214074,0.898936458817581,0.0938792899683449,82.1643286573146,0.992815748785926,0.898936458817581,0.90544137621851,0.90544137621851,2.69680937645274,"PFR"
27.4549098196393,0.00712677797453154,0.207126777974531,0.898988497466741,0.0938847245587279,82.3647294589178,0.992873222025468,0.898988497466741,0.905441376218563,0.905441376218563,2.69696549240022,"PFR"
27.5217100868404,0.0070697802038795,0.207069780203879,0.899040105606693,0.0938901141894274,82.565130260521,0.992930219796121,0.899040105606693,0.905441376218616,0.905441376218616,2.69712031682008,"PFR"
27.5885103540414,0.00701325371877634,0.207013253718776,0.89909128702521,0.0938954592560144,82.7655310621243,0.992986746281224,0.89909128702521,0.905441376218667,0.905441376218667,2.69727386107563,"PFR"
27.6553106212425,0.00695719437666787,0.206957194376668,0.899142045473129,0.0939007601502031,82.9659318637275,0.993042805623332,0.899142045473129,0.905441376218719,0.905441376218719,2.69742613641939,"PFR"
27.7221108884436,0.00690159807532712,0.206901598075327,0.899192384664779,0.0939060172598946,83.1663326653307,0.993098401924673,0.899192384664779,0.90544137621877,0.90544137621877,2.69757715399434,"PFR"
27.7889111556446,0.00684646075239993,0.2068464607524,0.899242308278381,0.0939112309692193,83.3667334669339,0.9931535392476,0.899242308278381,0.905441376218821,0.905441376218821,2.69772692483514,"PFR"
27.8557114228457,0.00679177838495673,0.206791778384957,0.899291819956464,0.0939164016585799,83.5671342685371,0.993208221615043,0.899291819956464,0.905441376218871,0.905441376218871,2.69787545986939,"PFR"
27.9225116900468,0.00673754698905022,0.20673754698905,0.899340923306257,0.0939215297046931,83.7675350701403,0.99326245301095,0.899340923306257,0.905441376218921,0.905441376218921,2.69802276991877,"PFR"
27.9893119572478,0.00668376261927899,0.206683762619279,0.899389621900091,0.0939266154806306,83.9679358717435,0.993316237380721,0.899389621900091,0.90544137621897,0.90544137621897,2.69816886570027,"PFR"
28.0561122244489,0.00663042136835687,0.206630421368357,0.899437919275784,0.09393165935586,84.1683366733467,0.993369578631643,0.899437919275784,0.905441376219019,0.905441376219019,2.69831375782735,"PFR"
28.12291249165,0.00657751936668805,0.206577519366688,0.899485818937028,0.0939366616962848,84.3687374749499,0.993422480633312,0.899485818937028,0.905441376219067,0.905441376219067,2.69845745681108,"PFR"
28.189712758851,0.00652505278194774,0.206525052781948,0.899533324353768,0.0939416228642845,84.5691382765531,0.993474947218052,0.899533324353768,0.905441376219116,0.905441376219116,2.6985999730613,"PFR"
28.2565130260521,0.00647301781866842,0.206473017818668,0.899580438962579,0.0939465432187533,84.7695390781563,0.993526982181332,0.899580438962579,0.905441376219163,0.905441376219163,2.69874131688774,"PFR"
28.3233132932532,0.00642141071783146,0.206421410717831,0.89962716616703,0.0939514231151387,84.9699398797595,0.993578589282169,0.89962716616703,0.905441376219211,0.905441376219211,2.69888149850109,"PFR"
28.3901135604542,0.00637022775646416,0.206370227756464,0.899673509338056,0.09395626290548,85.1703406813627,0.993629772243536,0.899673509338056,0.905441376219258,0.905441376219258,2.69902052801417,"PFR"
28.4569138276553,0.00631946524724203,0.206319465247242,0.899719471814313,0.0939610629384454,85.3707414829659,0.993680534752758,0.899719471814313,0.905441376219304,0.905441376219304,2.69915841544294,"PFR"
28.5237140948564,0.00626911953809624,0.206269119538096,0.899765056902535,0.0939658235593697,85.5711422845691,0.993730880461904,0.899765056902535,0.90544137621935,0.90544137621935,2.6992951707076,"PFR"
28.5905143620575,0.00621918701182621,0.206219187011826,0.899810267877884,0.0939705451102901,85.7715430861724,0.993780812988174,0.899810267877884,0.905441376219396,0.905441376219396,2.69943080363365,"PFR"
28.6573146292585,0.00616966408571722,0.206169664085717,0.8998551079843,0.0939752279299835,85.9719438877756,0.993830335914283,0.8998551079843,0.905441376219441,0.905441376219441,2.6995653239529,"PFR"
28.7241148964596,0.00612054721116299,0.206120547211163,0.899899580434837,0.093979872354001,86.1723446893788,0.993879452788837,0.899899580434837,0.905441376219487,0.905441376219487,2.69969874130451,"PFR"
28.7909151636607,0.00607183287329312,0.206071832873293,0.899943688412003,0.0939844787147039,86.372745490982,0.993928167126707,0.899943688412003,0.905441376219531,0.905441376219531,2.69983106523601,"PFR"
28.8577154308617,0.00602351759060534,0.206023517590605,0.899987435068097,0.0939890473412985,86.5731462925852,0.993976482409395,0.899987435068097,0.905441376219575,0.905441376219575,2.69996230520429,"PFR"
28.9245156980628,0.00597559791460249,0.205975597914602,0.900030823525528,0.0939935785598696,86.7735470941884,0.994024402085398,0.900030823525528,0.905441376219619,0.905441376219619,2.70009247057658,"PFR"
28.9913159652639,0.00592807042943415,0.205928070429434,0.900073856877151,0.0939980726934156,86.9739478957916,0.994071929570566,0.900073856877151,0.905441376219663,0.905441376219663,2.70022157063145,"PFR"
29.0581162324649,0.0058809317515429,0.205880931751543,0.900116538186577,0.0940025300618809,87.1743486973948,0.994119068248457,0.900116538186577,0.905441376219706,0.905441376219706,2.70034961455973,"PFR"
29.124916499666,0.00583417852931507,0.205834178529315,0.900158870488496,0.0940069509821895,87.374749498998,0.994165821470685,0.900158870488496,0.905441376219749,0.905441376219749,2.70047661146549,"PFR"
29.1917167668671,0.00578780744273591,0.205787807442736,0.900200856788987,0.0940113357682774,87.5751503006012,0.994212192557264,0.900200856788987,0.905441376219791,0.905441376219791,2.70060257036696,"PFR"
29.2585170340681,0.00574181520304922,0.205741815203049,0.900242500065826,0.0940156847311248,87.7755511022044,0.994258184796951,0.900242500065826,0.905441376219833,0.905441376219833,2.70072750019748,"PFR"
29.3253173012692,0.00569619855242123,0.205696198552421,0.900283803268791,0.0940199981787881,87.9759519038076,0.994303801447579,0.900283803268791,0.905441376219875,0.905441376219875,2.70085140980637,"PFR"
29.3921175684703,0.0056509542636088,0.205650954263608,0.900324769319961,0.0940242764164309,88.1763527054108,0.994349045736391,0.900324769319961,0.905441376219917,0.905441376219917,2.70097430795988,"PFR"
29.4589178356713,0.00560607913963173,0.205606079139631,0.900365401114013,0.0940285197463553,88.376753507014,0.994393920860368,0.900365401114013,0.905441376219958,0.905441376219958,2.70109620334204,"PFR"
29.5257181028724,0.00556157001344929,0.205561570013449,0.900405701518519,0.0940327284680322,88.5771543086172,0.994438429986551,0.900405701518519,0.905441376219999,0.905441376219999,2.70121710455556,"PFR"
29.5925183700735,0.00551742374764074,0.20551742374764,0.900445673374228,0.0940369028781319,88.7775551102204,0.994482576252359,0.900445673374228,0.905441376220039,0.905441376220039,2.70133702012268,"PFR"
29.6593186372746,0.00547363723408991,0.20547363723409,0.900485319495357,0.0940410432705535,88.9779559118237,0.99452636276591,0.900485319495357,0.905441376220079,0.905441376220079,2.70145595848607,"PFR"
29.7261189044756,0.0054302073936737,0.205430207393673,0.900524642669872,0.0940451499364547,89.1783567134269,0.994569792606326,0.900524642669872,0.905441376220119,0.905441376220119,2.70157392800962,"PFR"
29.7929191716767,0.00538713117595448,0.205387131175954,0.900563645659765,0.0940492231642807,89.3787575150301,0.994612868824046,0.900563645659765,0.905441376220158,0.905441376220158,2.7016909369793,"PFR"
29.8597194388778,0.00534440555887633,0.205344405558876,0.900602331201331,0.0940532632397929,89.5791583166333,0.994655594441124,0.900602331201331,0.905441376220197,0.905441376220197,2.70180699360399,"PFR"
29.9265197060788,0.00530202754846506,0.205302027548465,0.900640702005438,0.0940572704460973,89.7795591182365,0.994697972451535,0.900640702005438,0.905441376220236,0.905441376220236,2.70192210601631,"PFR"
29.9933199732799,0.00525999417853189,0.205259994178532,0.900678760757796,0.0940612450636727,89.9799599198397,0.994740005821468,0.900678760757796,0.905441376220275,0.905441376220275,2.70203628227339,"PFR"
30.060120240481,0.0052183025103809,0.205218302510381,0.900716510119221,0.0940651873703982,90.1803607214429,0.994781697489619,0.900716510119221,0.905441376220313,0.905441376220313,2.70214953035766,"PFR"
30.126920507682,0.00517694963252004,0.20517694963252,0.9007539527259,0.0940690976415804,90.3807615230461,0.99482305036748,0.9007539527259,0.905441376220351,0.905441376220351,2.7022618581777,"PFR"
30.1937207748831,0.00513593266037566,0.205135932660375,0.900791091189644,0.0940729761499807,90.5811623246493,0.994864067339624,0.900791091189644,0.905441376220388,0.905441376220388,2.70237327356893,"PFR"
30.2605210420842,0.00509524873601064,0.20509524873601,0.900827928098148,0.0940768231658416,90.7815631262525,0.994904751263989,0.900827928098148,0.905441376220425,0.905441376220425,2.70248378429444,"PFR"
30.3273213092852,0.00505489502784589,0.205054895027846,0.900864466015241,0.0940806389569133,90.9819639278557,0.994945104972154,0.900864466015241,0.905441376220462,0.905441376220462,2.70259339804572,"PFR"
30.3941215764863,0.00501486873038531,0.205014868730385,0.900900707481135,0.0940844237884798,91.1823647294589,0.994985131269615,0.900900707481135,0.905441376220499,0.905441376220499,2.70270212244341,"PFR"
30.4609218436874,0.00497516706394414,0.204975167063944,0.900936655012672,0.0940881779233841,91.3827655310621,0.995024832936056,0.900936655012672,0.905441376220535,0.905441376220535,2.70280996503802,"PFR"
30.5277221108884,0.00493578727438051,0.20493578727438,0.900972311103566,0.0940919016220541,91.5831663326653,0.99506421272562,0.900972311103566,0.905441376220571,0.905441376220571,2.7029169333107,"PFR"
30.5945223780895,0.00489672663283037,0.20489672663283,0.901007678224642,0.0940955951425275,91.7835671342685,0.99510327336717,0.901007678224642,0.905441376220607,0.905441376220607,2.70302303467393,"PFR"
30.6613226452906,0.00485798243544556,0.204857982435445,0.901042758824078,0.0940992587404764,91.9839679358718,0.995142017564554,0.901042758824078,0.905441376220642,0.905441376220642,2.70312827647223,"PFR"
30.7281229124917,0.00481955200313513,0.204819552003135,0.901077555327633,0.0941028926692319,92.184368737475,0.995180447996865,0.901077555327633,0.905441376220677,0.905441376220677,2.7032326659829,"PFR"
30.7949231796927,0.00478143268130968,0.204781432681309,0.901112070138882,0.0941064971798084,92.3847695390782,0.99521856731869,0.901112070138882,0.905441376220712,0.905441376220712,2.70333621041665,"PFR"
30.8617234468938,0.00474362183962887,0.204743621839629,0.901146305639444,0.0941100725209273,92.5851703406814,0.995256378160371,0.901146305639444,0.905441376220747,0.905441376220747,2.70343891691833,"PFR"
30.9285237140949,0.00470611687175192,0.204706116871752,0.901180264189208,0.0941136189390405,92.7855711422846,0.995293883128248,0.901180264189208,0.905441376220781,0.905441376220781,2.70354079256762,"PFR"
30.9953239812959,0.00466891519509113,0.204668915195091,0.901213948126555,0.094117136678354,92.9859719438878,0.995331084804909,0.901213948126555,0.905441376220815,0.905441376220815,2.70364184437967,"PFR"
31.062124248497,0.00463201425056835,0.204632014250568,0.901247359768581,0.0941206259808507,93.186372745491,0.995367985749432,0.901247359768581,0.905441376220849,0.905441376220849,2.70374207930574,"PFR"
31.1289245156981,0.00459541150237434,0.204595411502374,0.901280501411313,0.0941240870863131,93.3867735470942,0.995404588497626,0.901280501411313,0.905441376220882,0.905441376220882,2.70384150423394,"PFR"
31.1957247828991,0.00455910443773101,0.204559104437731,0.901313375329923,0.0941275202323462,93.5871743486974,0.995440895562269,0.901313375329923,0.905441376220915,0.905441376220915,2.70394012598977,"PFR"
31.2625250501002,0.00452309056665651,0.204523090566656,0.901345983778944,0.0941309256543992,93.7875751503006,0.995476909433343,0.901345983778944,0.905441376220948,0.905441376220948,2.70403795133683,"PFR"
31.3293253173013,0.00448736742173309,0.204487367421733,0.901378328992479,0.0941343035857878,93.9879759519038,0.995512632578267,0.901378328992479,0.905441376220981,0.905441376220981,2.70413498697744,"PFR"
31.3961255845023,0.00445193255787767,0.204451932557877,0.901410413184407,0.0941376542577155,94.188376753507,0.995548067442122,0.901410413184407,0.905441376221013,0.905441376221013,2.70423123955322,"PFR"
31.4629258517034,0.00441678355211525,0.204416783552115,0.901442238548589,0.0941409778992956,94.3887775551102,0.995583216447885,0.901442238548589,0.905441376221045,0.905441376221045,2.70432671564577,"PFR"
31.5297261189045,0.00438191800335484,0.204381918003355,0.901473807259073,0.094144274737572,94.5891783567134,0.995618081996645,0.901473807259073,0.905441376221077,0.905441376221077,2.70442142177722,"PFR"
31.5965263861055,0.00434733353216813,0.204347333532168,0.901505121470292,0.0941475449975401,94.7895791583166,0.995652666467832,0.901505121470292,0.905441376221109,0.905441376221109,2.70451536441088,"PFR"
31.6633266533066,0.00431302778057071,0.204313027780571,0.901536183317262,0.0941507889021676,94.9899799599199,0.995686972219429,0.901536183317262,0.90544137622114,0.90544137622114,2.70460854995178,"PFR"
31.7301269205077,0.00427899841180592,0.204278998411806,0.901566994915779,0.0941540066724152,95.1903807615231,0.995721001588194,0.901566994915779,0.905441376221171,0.905441376221171,2.70470098474734,"PFR"
31.7969271877088,0.00424524311013113,0.204245243110131,0.901597558362613,0.0941571985272561,95.3907815631263,0.995754756889869,0.901597558362613,0.905441376221202,0.905441376221202,2.70479267508784,"PFR"
31.8637274549098,0.00421175958060661,0.204211759580606,0.901627875735697,0.0941603646836967,95.5911823647295,0.995788240419393,0.901627875735697,0.905441376221233,0.905441376221233,2.70488362720709,"PFR"
31.9305277221109,0.00417854554888681,0.204178545548887,0.901657949094317,0.0941635053567961,95.7915831663327,0.995821454451113,0.901657949094317,0.905441376221263,0.905441376221263,2.70497384728295,"PFR"
31.997327989312,0.00414559876101407,0.204145598761014,0.901687780479301,0.0941666207596853,95.9919839679359,0.995854401238986,0.901687780479301,0.905441376221293,0.905441376221293,2.7050633414379,"PFR"
32.064128256513,0.00411291698321476,0.204112916983215,0.901717371913198,0.0941697111035869,96.1923847695391,0.995887083016785,0.901717371913198,0.905441376221323,0.905441376221323,2.7051521157396,"PFR"
32.1309285237141,0.00408049800169772,0.204080498001698,0.901746725400468,0.094172776597834,96.3927855711423,0.995919501998302,0.901746725400468,0.905441376221353,0.905441376221353,2.70524017620141,"PFR"
32.1977287909152,0.0040483396224551,0.204048339622455,0.901775842927656,0.0941758174498889,96.5931863727455,0.995951660377545,0.901775842927656,0.905441376221382,0.905441376221382,2.70532752878297,"PFR"
32.2645290581162,0.00401643967106542,0.204016439671065,0.901804726463573,0.0941788338653619,96.7935871743487,0.995983560328935,0.901804726463573,0.905441376221411,0.905441376221411,2.70541417939072,"PFR"
32.3313293253173,0.00398479599249899,0.203984795992499,0.901833377959471,0.0941818260480297,96.9939879759519,0.996015204007501,0.901833377959471,0.90544137622144,0.90544137622144,2.70550013387841,"PFR"
32.3981295925184,0.00395340645092549,0.203953406450925,0.901861799349221,0.0941847941998534,97.1943887775551,0.996046593549075,0.901861799349221,0.905441376221469,0.905441376221469,2.70558539804766,"PFR"
32.4649298597194,0.00392226892952376,0.203922268929524,0.90188999254948,0.0941877385209967,97.3947895791583,0.996077731070476,0.90188999254948,0.905441376221497,0.905441376221497,2.70566997764844,"PFR"
32.5317301269205,0.00389138133029381,0.203891381330294,0.901917959459863,0.0941906592098436,97.5951903807615,0.996108618669706,0.901917959459863,0.905441376221525,0.905441376221525,2.70575387837959,"PFR"
32.5985303941216,0.00386074157387097,0.203860741573871,0.901945701963113,0.094193556463016,97.7955911823647,0.996139258426129,0.901945701963113,0.905441376221553,0.905441376221553,2.70583710588934,"PFR"
32.6653306613226,0.00383034759934211,0.203830347599342,0.901973221925267,0.094196430475391,97.9959919839679,0.996169652400658,0.901973221925267,0.905441376221581,0.905441376221581,2.7059196657758,"PFR"
32.7321309285237,0.003800197364064,0.203800197364064,0.902000521195818,0.0941992814401181,98.1963927855711,0.996199802635936,0.902000521195818,0.905441376221608,0.905441376221608,2.70600156358745,"PFR"
32.7989311957248,0.0037702888434837,0.203770288843484,0.90202760160788,0.0942021095486362,98.3967935871744,0.996229711156516,0.90202760160788,0.905441376221636,0.905441376221636,2.70608280482364,"PFR"
32.8657314629259,0.00374062003096101,0.203740620030961,0.902054464978349,0.0942049149906905,98.5971943887776,0.996259379969039,0.902054464978349,0.905441376221663,0.905441376221663,2.70616339493505,"PFR"
32.9325317301269,0.00371118893759294,0.203711188937593,0.902081113108058,0.094207697954349,98.7975951903808,0.996288811062407,0.902081113108058,0.90544137622169,0.90544137622169,2.70624333932417,"PFR"
32.999331997328,0.00368199359204008,0.20368199359204,0.902107547781941,0.0942104586260186,98.997995991984,0.99631800640796,0.902107547781941,0.905441376221716,0.905441376221716,2.70632264334582,"PFR"
33.0661322645291,0.00365303204035503,0.203653032040355,0.902133770769183,0.0942131971904621,99.1983967935872,0.996346967959645,0.902133770769183,0.905441376221743,0.905441376221743,2.70640131230755,"PFR"
33.1329325317301,0.00362430234581269,0.203624302345813,0.902159783823374,0.0942159138308135,99.3987975951904,0.996375697654187,0.902159783823374,0.905441376221769,0.905441376221769,2.70647935147012,"PFR"
33.1997327989312,0.00359580258874249,0.203595802588742,0.902185588682663,0.0942186087285942,99.5991983967936,0.996404197411258,0.902185588682663,0.905441376221795,0.905441376221795,2.70655676604799,"PFR"
33.2665330661323,0.00356753086636245,0.203567530866362,0.902211187069909,0.0942212820637286,99.7995991983968,0.996432469133638,0.902211187069909,0.905441376221821,0.905441376221821,2.70663356120973,"PFR"
33.3333333333333,0.00353948529261517,0.203539485292615,0.902236580692825,0.0942239340145597,100,0.996460514707385,0.902236580692825,0.905441376221846,0.905441376221846,2.70670974207848,"PFR"
